image_id,melanoma,pigment_network,negative_network,milia_like_cyst,streaks
ISIC_0000000,0.0,0.20180722891566266,0.0,0.0,0.0642570281124498
ISIC_0000001,0.0,0.014242115971515769,0.0,0.0,0.017293997965412006
ISIC_0000002,1.0,0.0,0.0,0.06237424547283702,0.0
ISIC_0000003,0.0,0.1584258324924319,0.0,0.0030272452068617556,0.0
ISIC_0000004,1.0,0.0,0.0,0.0,0.0
ISIC_0000006,0.0,0.018036072144288578,0.0,0.0,0.0
ISIC_0000007,0.0,0.017085427135678392,0.003015075376884422,0.0,0.0
ISIC_0000008,0.0,0.02854230377166157,0.0,0.0,0.03771661569826707
ISIC_0000009,0.0,0.028282828282828285,0.0,0.0,0.0
ISIC_0000010,0.0,0.0,0.0,0.0,0.0
ISIC_0000011,0.0,0.0,0.0,0.006036217303822937,0.0
ISIC_0000012,0.0,0.004012036108324975,0.0,0.0020060180541624875,0.0
ISIC_0000013,1.0,0.03643724696356275,0.0,0.0,0.032388663967611336
ISIC_0000014,0.0,0.0,0.0,0.029352226720647773,0.0
ISIC_0000015,0.0,0.09729187562688064,0.0,0.0,0.0
ISIC_0000016,0.0,0.10986775178026449,0.0,0.0,0.0
ISIC_0000017,0.0,0.1658583899127061,0.0,0.0,0.0
ISIC_0000018,0.0,0.07684824902723736,0.0,0.0,0.0
ISIC_0000019,0.0,0.32125367286973555,0.0,0.0,0.0
ISIC_0000020,0.0,0.06725146198830409,0.0,0.0,0.0
ISIC_0000021,0.0,0.05728155339805825,0.0,0.0,0.0
ISIC_0000022,1.0,0.0854368932038835,0.0,0.0,0.0
ISIC_0000023,0.0,0.0,0.0,0.0,0.0
ISIC_0000024,0.0,0.0,0.042801556420233464,0.0,0.0
ISIC_0000025,0.0,0.008763388510223954,0.0,0.0,0.0
ISIC_0000026,1.0,0.0,0.0,0.0,0.0
ISIC_0000027,0.0,0.12475633528265107,0.0,0.0,0.0
ISIC_0000028,0.0,0.15937803692905733,0.0,0.0,0.0
ISIC_0000029,1.0,0.2777777777777778,0.0,0.0,0.0
ISIC_0000030,1.0,0.0,0.0,0.0,0.0
ISIC_0000031,1.0,0.014548981571290009,0.0,0.0,0.004849660523763337
ISIC_0000032,0.0,0.057337220602526724,0.0,0.0,0.0
ISIC_0000034,0.0,0.13216715257531583,0.0,0.0,0.013605442176870748
ISIC_0000035,1.0,0.0,0.0,0.0,0.0
ISIC_0000036,1.0,0.0456754130223518,0.0,0.0,0.0058309037900874635
ISIC_0000037,0.0,0.2042594385285576,0.0,0.0,0.01452081316553727
ISIC_0000038,0.0,0.4021421616358325,0.0,0.0,0.0
ISIC_0000039,0.0,0.19436345966958213,0.0,0.0,0.023323615160349854
ISIC_0000040,1.0,0.0,0.0,0.0,0.0
ISIC_0000041,0.0,0.0,0.0,0.0,0.0
ISIC_0000042,0.0,0.06025267249757046,0.0,0.0,0.0
ISIC_0000043,1.0,0.0703125,0.0283203125,0.0,0.0
ISIC_0000044,0.0,0.2604878048780488,0.0,0.0,0.0
ISIC_0000045,0.0,0.0,0.0851063829787234,0.0,0.012572533849129593
ISIC_0000046,1.0,0.053554040895813046,0.0,0.0,0.0
ISIC_0000047,0.0,0.23196881091617932,0.0,0.0,0.0
ISIC_0000048,0.0,0.06956521739130435,0.0,0.0,0.0
ISIC_0000049,1.0,0.4776264591439689,0.0,0.0,0.0
ISIC_0000050,0.0,0.0205078125,0.0,0.0,0.0
ISIC_0000051,0.0,0.186952288218111,0.0,0.0,0.0
ISIC_0000052,0.0,0.06789524733268672,0.0038797284190106693,0.0,0.0
ISIC_0000053,0.0,0.06420233463035019,0.0,0.0,0.0
ISIC_0000054,1.0,0.057337220602526724,0.0,0.0,0.0
ISIC_0000055,0.0,0.1801363193768257,0.0,0.0,0.0
ISIC_0000056,1.0,0.14271844660194175,0.0,0.0,0.0
ISIC_0000057,0.0,0.10829268292682927,0.0,0.0,0.0
ISIC_0000059,0.0,0.32778864970645794,0.0,0.0,0.0
ISIC_0000061,0.0,0.08852140077821012,0.0,0.0,0.0
ISIC_0000062,0.0,0.08471275559883155,0.0,0.0,0.0
ISIC_0000063,0.0,0.22882181110029212,0.0,0.0,0.0
ISIC_0000064,0.0,0.056640625,0.0,0.0,0.0087890625
ISIC_0000065,0.0,0.1926070038910506,0.0,0.0,0.0
ISIC_0000066,0.0,0.310546875,0.0,0.0,0.009765625
ISIC_0000067,0.0,0.20894071914480078,0.0,0.001943634596695821,0.0
ISIC_0000068,0.0,0.39960822722820766,0.0,0.0,0.0
ISIC_0000069,0.0,0.026262626262626262,0.0,0.0,0.0
ISIC_0000071,0.0,0.004036326942482341,0.007063572149344097,0.0,0.0
ISIC_0000072,0.0,0.071285140562249,0.0,0.001004016064257028,0.0
ISIC_0000073,0.0,0.08350100603621731,0.0,0.0,0.008048289738430584
ISIC_0000074,1.0,0.11167002012072434,0.0,0.0,0.0
ISIC_0000075,0.0,0.6723618090452261,0.0,0.0,0.0
ISIC_0000077,1.0,0.0436046511627907,0.0,0.009689922480620155,0.0
ISIC_0000078,1.0,0.057337220602526724,0.0,0.0,0.0
ISIC_0000079,0.0,0.04757281553398058,0.0,0.0,0.0
ISIC_0000080,0.0,0.14414414414414414,0.0,0.0,0.0
ISIC_0000081,0.0,0.0,0.0,0.0,0.0
ISIC_0000082,0.0,0.26926926926926925,0.0,0.0,0.014014014014014014
ISIC_0000085,0.0,0.11634904714142427,0.0,0.0,0.0
ISIC_0000086,0.0,0.014028056112224449,0.0,0.0,0.0
ISIC_0000087,0.0,0.08249496981891348,0.079476861167002,0.0,0.0
ISIC_0000088,0.0,0.13165829145728644,0.0,0.0,0.0
ISIC_0000089,0.0,0.1021021021021021,0.0,0.0,0.004004004004004004
ISIC_0000091,0.0,0.07715430861723446,0.0,0.0,0.0
ISIC_0000092,0.0,0.0,0.06018054162487462,0.0,0.0
ISIC_0000093,0.0,0.09719438877755511,0.0,0.0,0.0
ISIC_0000094,0.0,0.03610832497492478,0.0,0.0,0.0
ISIC_0000095,0.0,0.019153225806451613,0.0,0.0,0.0
ISIC_0000096,0.0,0.030211480362537766,0.0,0.0,0.0
ISIC_0000097,0.0,0.024072216649949848,0.0,0.0,0.0
ISIC_0000098,0.0,0.0,0.0,0.0,0.002004008016032064
ISIC_0000099,0.0,0.0,0.0,0.0,0.0
ISIC_0000100,0.0,0.05215646940822467,0.0,0.0,0.0
ISIC_0000101,0.0,0.0,0.0,0.0,0.0
ISIC_0000102,0.0,0.030120481927710843,0.0,0.0,0.0
ISIC_0000103,0.0,0.3534136546184739,0.0,0.0,0.05923694779116466
ISIC_0000104,0.0,0.0,0.0,0.0,0.0
ISIC_0000105,0.0,0.062186559679037114,0.0,0.0,0.0
ISIC_0000107,0.0,0.21063189568706117,0.0,0.0,0.0
ISIC_0000108,0.0,0.15430861723446893,0.0,0.0,0.0
ISIC_0000109,0.0,0.3229689067201605,0.0,0.0,0.0
ISIC_0000110,0.0,0.0,0.0,0.0,0.0
ISIC_0000111,0.0,0.5797392176529589,0.0,0.0,0.0
ISIC_0000112,0.0,0.1424272818455366,0.0,0.0,0.0
ISIC_0000113,0.0,0.0,0.0,0.0,0.0
ISIC_0000116,0.0,0.023046092184368736,0.0,0.0,0.0
ISIC_0000118,0.0,0.003006012024048096,0.0,0.0,0.0
ISIC_0000119,0.0,0.10420841683366733,0.0,0.0,0.018036072144288578
ISIC_0000120,0.0,0.1282565130260521,0.0,0.0,0.0
ISIC_0000121,0.0,0.0,0.0,0.0,0.0
ISIC_0000122,0.0,0.0,0.0,0.0,0.0
ISIC_0000123,0.0,0.0,0.0,0.0,0.0
ISIC_0000124,0.0,0.17352056168505517,0.0,0.0,0.0
ISIC_0000125,0.0,0.0,0.0,0.0020060180541624875,0.0
ISIC_0000126,0.0,0.08333333333333333,0.0,0.0,0.0
ISIC_0000127,0.0,0.002004008016032064,0.0,0.0,0.0
ISIC_0000128,0.0,0.12248995983935743,0.0,0.0,0.0
ISIC_0000129,0.0,0.04408817635270541,0.0,0.0,0.0
ISIC_0000130,0.0,0.062062062062062065,0.0,0.0,0.014014014014014014
ISIC_0000131,0.0,0.0,0.0,0.0,0.0
ISIC_0000132,0.0,0.0,0.0,0.0,0.0
ISIC_0000133,0.0,0.05917753259779338,0.02106318956870612,0.0,0.0
ISIC_0000134,0.0,0.007021063189568706,0.0,0.0,0.0
ISIC_0000135,0.0,0.0531062124248497,0.0,0.0,0.002004008016032064
ISIC_0000136,0.0,0.3901705115346038,0.0,0.0,0.0
ISIC_0000137,0.0,0.022066198595787363,0.0,0.0,0.0
ISIC_0000138,0.0,0.04623115577889447,0.0,0.0,0.020100502512562814
ISIC_0000139,1.0,0.016016016016016016,0.0,0.0,0.0
ISIC_0000140,1.0,0.08743718592964825,0.0,0.0,0.0
ISIC_0000141,1.0,0.011011011011011011,0.0,0.0,0.0
ISIC_0000142,1.0,0.003006012024048096,0.0,0.0,0.011022044088176353
ISIC_0000143,1.0,0.009054325955734407,0.0,0.0,0.0
ISIC_0000145,1.0,0.23771313941825475,0.0,0.0,0.0
ISIC_0000146,1.0,0.0,0.016080402010050253,0.0,0.0
ISIC_0000147,1.0,0.0,0.0,0.0,0.0
ISIC_0000148,1.0,0.015105740181268883,0.0,0.0,0.005035246727089627
ISIC_0000149,1.0,0.002008032128514056,0.0,0.0,0.0
ISIC_0000150,1.0,0.03403403403403404,0.0,0.0,0.005005005005005005
ISIC_0000151,1.0,0.02902902902902903,0.0,0.0,0.0
ISIC_0000152,1.0,0.1746987951807229,0.0050200803212851405,0.0050200803212851405,0.0
ISIC_0000153,1.0,0.13668341708542714,0.0,0.0,0.0
ISIC_0000154,1.0,0.056112224448897796,0.0,0.0,0.0
ISIC_0000155,1.0,0.07807807807807808,0.0,0.0,0.008008008008008008
ISIC_0000156,1.0,0.05728643216080402,0.0,0.0,0.0
ISIC_0000157,1.0,0.038183694530443756,0.0,0.0,0.0
ISIC_0000159,1.0,0.023278370514064017,0.0,0.0,0.0
ISIC_0000160,1.0,0.05046343975283213,0.14418125643666324,0.0,0.0
ISIC_0000161,1.0,0.16094210009813542,0.0,0.0,0.014720314033366046
ISIC_0000162,1.0,0.20638085742771686,0.0,0.0,0.0
ISIC_0000163,1.0,0.0594059405940594,0.0,0.0,0.0
ISIC_0000164,1.0,0.15,0.0,0.0,0.0
ISIC_0000165,1.0,0.0254323499491353,0.0,0.0,0.004069175991861648
ISIC_0000166,1.0,0.16425619834710745,0.0,0.0,0.0
ISIC_0000167,1.0,0.1134020618556701,0.0,0.0,0.0
ISIC_0000169,1.0,0.0,0.0,0.0,0.0
ISIC_0000171,1.0,0.0392156862745098,0.0,0.0,0.0
ISIC_0000172,1.0,0.1264705882352941,0.0,0.0,0.00392156862745098
ISIC_0000174,1.0,0.0,0.0,0.0,0.013605442176870748
ISIC_0000176,1.0,0.07535641547861507,0.0,0.0010183299389002036,0.0
ISIC_0000177,0.0,0.0,0.0,0.0,0.0
ISIC_0000179,0.0,0.0,0.0,0.0,0.0
ISIC_0000181,0.0,0.0,0.0,0.0,0.0
ISIC_0000182,0.0,0.00911854103343465,0.0,0.0,0.0
ISIC_0000184,0.0,0.007960199004975124,0.0,0.0,0.0
ISIC_0000185,0.0,0.0,0.0,0.0,0.0
ISIC_0000186,0.0,0.0,0.0,0.0,0.0
ISIC_0000188,0.0,0.0,0.0,0.0,0.0
ISIC_0000189,0.0,0.0,0.0,0.0,0.0
ISIC_0000190,0.0,0.47466390899689764,0.0,0.0,0.0
ISIC_0000191,0.0,0.030643513789581207,0.0,0.0,0.0
ISIC_0000192,0.0,0.0,0.0,0.0,0.0
ISIC_0000193,0.0,0.0,0.0,0.0,0.0
ISIC_0000196,0.0,0.2845927379784102,0.0,0.0,0.0
ISIC_0000197,0.0,0.2738336713995943,0.0,0.0,0.0
ISIC_0000198,0.0,0.0,0.0,0.0,0.0
ISIC_0000199,0.0,0.06501547987616099,0.0,0.0,0.048503611971104234
ISIC_0000201,0.0,0.044642857142857144,0.0,0.0,0.03571428571428571
ISIC_0000202,0.0,0.5868020304568528,0.0,0.0,0.0
ISIC_0000203,0.0,0.4259634888438134,0.02231237322515213,0.0,0.0
ISIC_0000204,0.0,0.474609375,0.0,0.0,0.0
ISIC_0000205,0.0,0.5148809523809523,0.0,0.0,0.0
ISIC_0000206,0.0,0.11257606490872211,0.0,0.0,0.0
ISIC_0000207,0.0,0.622398414271556,0.0,0.0,0.0
ISIC_0000208,0.0,0.0,0.0,0.0,0.0
ISIC_0000209,0.0,0.2533470648815654,0.0,0.0,0.0
ISIC_0000211,0.0,0.06372549019607843,0.0,0.0,0.0
ISIC_0000212,0.0,0.41237113402061853,0.0,0.0,0.0
ISIC_0000213,0.0,0.18407445708376421,0.0,0.0,0.0
ISIC_0000214,0.0,0.10558375634517767,0.0,0.0,0.0
ISIC_0000215,0.0,0.4392156862745098,0.0,0.0,0.0
ISIC_0000216,0.0,0.10808179162609542,0.0,0.0,0.0311587147030185
ISIC_0000217,0.0,0.47955010224948874,0.0,0.002044989775051125,0.0
ISIC_0000218,0.0,0.1645193260654113,0.0,0.0,0.0
ISIC_0000219,0.0,0.13837095191364082,0.0,0.0,0.0
ISIC_0000220,0.0,0.08777120315581854,0.0,0.0,0.0
ISIC_0000221,0.0,0.043264503441494594,0.0,0.0,0.0
ISIC_0000222,0.0,0.4360753221010902,0.03270564915758176,0.0,0.0
ISIC_0000223,0.0,0.5248152059134108,0.0,0.0,0.0
ISIC_0000224,0.0,0.22967479674796748,0.0,0.0,0.0
ISIC_0000225,0.0,0.07804878048780488,0.0,0.0,0.0
ISIC_0000226,0.0,0.25166825548141086,0.0,0.0,0.0
ISIC_0000227,0.0,0.057337220602526724,0.0,0.0,0.0
ISIC_0000229,0.0,0.21267893660531698,0.0,0.0,0.0
ISIC_0000231,0.0,0.07961165048543689,0.0,0.0,0.0
ISIC_0000232,0.0,0.1815415821501014,0.0,0.0,0.0
ISIC_0000233,0.0,0.29705882352941176,0.0,0.06666666666666667,0.0
ISIC_0000234,0.0,0.28958333333333336,0.0,0.0010416666666666667,0.0
ISIC_0000235,0.0,0.0,0.0,0.0,0.0
ISIC_0000236,0.0,0.2540485829959514,0.0,0.0,0.02631578947368421
ISIC_0000237,0.0,0.05923694779116466,0.0,0.0,0.0
ISIC_0000239,0.0,0.034170854271356785,0.0,0.04824120603015075,0.09045226130653267
ISIC_0000240,0.0,0.08249496981891348,0.0,0.0,0.0
ISIC_0000242,0.0,0.16649949849548645,0.0,0.0,0.0
ISIC_0000243,0.0,0.10251256281407035,0.0,0.0,0.0
ISIC_0000244,0.0,0.06545820745216516,0.0,0.0,0.02416918429003021
ISIC_0000245,0.0,0.251503006012024,0.0,0.0,0.0
ISIC_0000246,0.0,0.09729187562688064,0.0,0.0,0.0
ISIC_0000247,0.0,0.05205205205205205,0.0,0.0,0.0
ISIC_0000250,0.0,0.09045226130653267,0.0,0.0,0.0
ISIC_0000251,0.0,0.06740442655935613,0.0,0.0,0.0
ISIC_0000252,0.0,0.1658291457286432,0.0,0.0,0.0
ISIC_0000253,0.0,0.02512562814070352,0.0,0.0,0.0
ISIC_0000254,0.0,0.1646586345381526,0.0,0.0,0.0
ISIC_0000255,0.0,0.0781563126252505,0.0,0.0,0.0
ISIC_0000256,0.0,0.0320962888665998,0.0,0.0,0.0
ISIC_0000258,0.0,0.33064516129032256,0.0,0.0,0.0
ISIC_0000259,0.0,0.09136546184738956,0.0,0.0,0.0
ISIC_0000260,0.0,0.027135678391959798,0.0,0.0,0.0
ISIC_0000261,0.0,0.010090817356205853,0.0,0.0,0.0
ISIC_0000262,0.0,0.05342741935483871,0.0,0.0,0.0
ISIC_0000263,0.0,0.1746987951807229,0.0,0.0,0.0
ISIC_0000264,0.0,0.43158953722334004,0.0,0.0,0.0
ISIC_0000265,0.0,0.0,0.0,0.0,0.0
ISIC_0000268,0.0,0.528169014084507,0.0,0.0,0.0
ISIC_0000269,0.0,0.08944723618090453,0.0,0.0,0.0
ISIC_0000274,0.0,0.01104417670682731,0.0,0.0,0.0
ISIC_0000275,0.0,0.050200803212851405,0.0,0.0,0.0
ISIC_0000276,1.0,0.008032128514056224,0.0,0.0,0.0
ISIC_0000277,1.0,0.05120481927710843,0.0,0.0,0.0
ISIC_0000278,1.0,0.0,0.0,0.0,0.0
ISIC_0000281,1.0,0.035211267605633804,0.019114688128772636,0.0,0.005030181086519115
ISIC_0000282,1.0,0.0,0.0,0.0,0.0
ISIC_0000283,1.0,0.05015045135406219,0.0,0.0,0.006018054162487462
ISIC_0000285,1.0,0.16431451612903225,0.0,0.0,0.0
ISIC_0000288,1.0,0.0,0.0,0.0,0.0
ISIC_0000289,1.0,0.0,0.0,0.0,0.0
ISIC_0000290,1.0,0.0,0.0,0.0,0.0
ISIC_0000292,1.0,0.0,0.0,0.0,0.0
ISIC_0000293,1.0,0.16194331983805668,0.019230769230769232,0.0,0.0
ISIC_0000294,1.0,0.08870967741935484,0.0,0.0,0.0
ISIC_0000295,1.0,0.008056394763343404,0.027190332326283987,0.0,0.0
ISIC_0000297,1.0,0.0,0.0,0.0,0.03733602421796166
ISIC_0000298,1.0,0.0,0.0,0.0,0.0
ISIC_0000299,1.0,0.005040322580645161,0.0,0.0,0.0
ISIC_0000300,1.0,0.14185110663983905,0.0,0.0,0.0
ISIC_0000301,1.0,0.01407035175879397,0.0,0.0,0.0
ISIC_0000302,1.0,0.0,0.0,0.0,0.0
ISIC_0000303,1.0,0.03112449799196787,0.0,0.0,0.0
ISIC_0000306,1.0,0.0,0.0,0.0,0.0
ISIC_0000307,1.0,0.014042126379137413,0.0,0.0,0.0
ISIC_0000310,1.0,0.2720812182741117,0.0,0.0,0.006091370558375634
ISIC_0000311,1.0,0.01710261569416499,0.0,0.0,0.0
ISIC_0000313,1.0,0.04417670682730924,0.0,0.0,0.0
ISIC_0000314,1.0,0.0866062437059416,0.0,0.0,0.0
ISIC_0000315,0.0,0.0,0.0,0.0,0.0
ISIC_0000316,0.0,0.011055276381909548,0.0,0.0,0.0
ISIC_0000317,0.0,0.0,0.0,0.0,0.0
ISIC_0000319,0.0,0.05533199195171026,0.0,0.0,0.0
ISIC_0000320,0.0,0.0513595166163142,0.0,0.0,0.0
ISIC_0000321,0.0,0.0,0.0,0.0,0.0
ISIC_0000322,0.0,0.005035246727089627,0.0,0.0,0.0
ISIC_0000323,0.0,0.0,0.0,0.0,0.0
ISIC_0000324,0.0,0.02920443101711984,0.0,0.0,0.0
ISIC_0000325,0.0,0.1092184368737475,0.0,0.0,0.0
ISIC_0000326,0.0,0.06464646464646465,0.0,0.0,0.0
ISIC_0000327,0.0,0.0783132530120482,0.0,0.0,0.0
ISIC_0000328,0.0,0.0,0.0,0.0,0.0
ISIC_0000329,0.0,0.01306532663316583,0.0,0.0,0.0
ISIC_0000330,0.0,0.0,0.0,0.0,0.0
ISIC_0000331,0.0,0.0,0.02613065326633166,0.0,0.0
ISIC_0000332,0.0,0.0,0.0,0.0,0.0
ISIC_0000336,0.0,0.019076305220883535,0.0,0.0,0.0
ISIC_0000338,0.0,0.09949748743718594,0.0,0.0,0.0
ISIC_0000340,0.0,0.12160804020100502,0.0,0.0,0.0
ISIC_0000341,0.0,0.02620967741935484,0.0,0.0,0.036290322580645164
ISIC_0000342,0.0,0.015105740181268883,0.0,0.0,0.0
ISIC_0000343,0.0,0.0,0.0,0.0,0.0
ISIC_0000344,0.0,0.02014098690835851,0.0,0.0,0.0
ISIC_0000345,0.0,0.015151515151515152,0.0,0.0,0.0
ISIC_0000346,0.0,0.0,0.0,0.0,0.0
ISIC_0000347,0.0,0.0,0.0,0.0,0.0
ISIC_0000348,0.0,0.031155778894472363,0.0,0.0,0.0
ISIC_0000349,0.0,0.025150905432595575,0.0,0.0,0.0
ISIC_0000350,0.0,0.02610441767068273,0.0,0.0,0.0
ISIC_0000351,0.0,0.01820020222446916,0.0,0.0,0.0
ISIC_0000352,0.0,0.05728643216080402,0.0,0.0,0.0
ISIC_0000353,0.0,0.05241935483870968,0.0,0.0,0.0
ISIC_0000354,0.0,0.04321608040201005,0.0,0.0,0.0
ISIC_0000355,0.0,0.0,0.0,0.0,0.0
ISIC_0000357,0.0,0.004012036108324975,0.0,0.0,0.0
ISIC_0000358,0.0,0.004032258064516129,0.029233870967741934,0.0,0.0
ISIC_0000359,0.0,0.16566265060240964,0.0,0.0,0.0
ISIC_0000360,0.0,0.0,0.0,0.0,0.0
ISIC_0000361,0.0,0.13453815261044177,0.0,0.0,0.0
ISIC_0000363,0.0,0.055165496489468405,0.0,0.0,0.012036108324974924
ISIC_0000364,0.0,0.0,0.0,0.0,0.0
ISIC_0000365,0.0,0.03319919517102616,0.0,0.0,0.0
ISIC_0000366,0.0,0.006030150753768844,0.0,0.0,0.011055276381909548
ISIC_0000367,0.0,0.07351460221550855,0.0,0.0,0.0
ISIC_0000368,0.0,0.207035175879397,0.0,0.0,0.0
ISIC_0000369,0.0,0.18391959798994975,0.0,0.0,0.0
ISIC_0000370,0.0,0.04312938816449348,0.0,0.0,0.0
ISIC_0000371,0.0,0.06934673366834171,0.0,0.007035175879396985,0.012060301507537688
ISIC_0000372,0.0,0.21428571428571427,0.0,0.0,0.0
ISIC_0000374,0.0,0.10552763819095477,0.0,0.0,0.0
ISIC_0000376,0.0,0.09424603174603174,0.0,0.0,0.0
ISIC_0000377,0.0,0.08308308308308308,0.0,0.0,0.004004004004004004
ISIC_0000378,0.0,0.12216748768472907,0.0,0.0,0.0
ISIC_0000379,0.0,0.06012024048096192,0.0,0.0,0.0
ISIC_0000380,0.0,0.29554655870445345,0.0,0.0,0.0
ISIC_0000381,0.0,0.12323232323232323,0.0,0.0,0.0
ISIC_0000382,0.0,0.0,0.0,0.0,0.0
ISIC_0000383,0.0,0.05484818805093046,0.0,0.0,0.0
ISIC_0000384,0.0,0.0,0.0,0.0,0.0
ISIC_0000385,0.0,0.02905811623246493,0.0,0.0,0.001002004008016032
ISIC_0000386,0.0,0.13627254509018036,0.0,0.0,0.0
ISIC_0000387,0.0,0.0,0.0,0.0,0.0
ISIC_0000388,0.0,0.06012024048096192,0.0,0.0,0.0
ISIC_0000390,1.0,0.0,0.0,0.0,0.0020060180541624875
ISIC_0000391,0.0,0.06720160481444333,0.0,0.0,0.0
ISIC_0000392,0.0,0.05811623246492986,0.0,0.0,0.0
ISIC_0000393,1.0,0.0,0.0,0.0,0.0
ISIC_0000395,1.0,0.0,0.0,0.0,0.0
ISIC_0000396,0.0,0.026812313803376366,0.018867924528301886,0.0,0.0
ISIC_0000397,0.0,0.004004004004004004,0.0,0.0,0.0
ISIC_0000403,0.0,0.10330992978936811,0.0,0.0,0.0
ISIC_0000407,0.0,0.011011011011011011,0.004004004004004004,0.0,0.0
ISIC_0000408,0.0,0.14944834503510532,0.0,0.0,0.0
ISIC_0000409,0.0,0.07014028056112225,0.0,0.0,0.0
ISIC_0000410,1.0,0.005076142131979695,0.0,0.0,0.0
ISIC_0000412,1.0,0.0,0.0,0.0,0.0
ISIC_0000413,1.0,0.0,0.0,0.0,0.0
ISIC_0000415,1.0,0.022022022022022022,0.0,0.0,0.0
ISIC_0000416,0.0,0.1111111111111111,0.0,0.0,0.009009009009009009
ISIC_0000418,0.0,0.06012024048096192,0.0,0.0,0.0
ISIC_0000419,0.0,0.23470411233701102,0.0,0.0,0.0
ISIC_0000420,1.0,0.05511022044088176,0.0,0.0,0.0
ISIC_0000421,0.0,0.16416416416416416,0.0,0.0,0.0
ISIC_0000423,0.0,0.0,0.0,0.0,0.0
ISIC_0000425,0.0,0.016016016016016016,0.0,0.0,0.0
ISIC_0000426,0.0,0.0,0.0,0.0,0.0
ISIC_0000427,0.0,0.17452357071213642,0.0,0.0,0.0050150451354062184
ISIC_0000431,0.0,0.06106106106106106,0.0,0.0,0.0
ISIC_0000433,0.0,0.04704704704704705,0.0,0.0,0.0
ISIC_0000434,1.0,0.0811623246492986,0.0,0.0,0.0
ISIC_0000436,0.0,0.06913827655310621,0.0,0.0,0.0
ISIC_0000439,0.0,0.04613841524573721,0.0,0.0,0.0
ISIC_0000442,0.0,0.007021063189568706,0.0050150451354062184,0.0,0.0020060180541624875
ISIC_0000443,0.0,0.008008008008008008,0.0,0.0,0.0
ISIC_0000444,1.0,0.021042084168336674,0.0,0.0,0.006012024048096192
ISIC_0000445,1.0,0.016016016016016016,0.0,0.0,0.0
ISIC_0000447,0.0,0.029233870967741934,0.0,0.0,0.0
ISIC_0000448,0.0,0.08971774193548387,0.0,0.0,0.0
ISIC_0000449,0.0,0.03009027081243731,0.0,0.0,0.0
ISIC_0000451,0.0,0.008032128514056224,0.0,0.0,0.0
ISIC_0000453,0.0,0.0,0.00802407221664995,0.0,0.0
ISIC_0000455,0.0,0.0,0.02959183673469388,0.0,0.0
ISIC_0000456,0.0,0.02902902902902903,0.0,0.0,0.0
ISIC_0000457,0.0,0.0,0.0,0.0020100502512562816,0.0
ISIC_0000458,0.0,0.054027504911591355,0.0,0.0,0.0
ISIC_0000460,0.0,0.12007874015748031,0.0,0.003937007874015748,0.0
ISIC_0000461,0.0,0.19504950495049506,0.0,0.0,0.0
ISIC_0000463,1.0,0.09831181727904667,0.0,0.0,0.0
ISIC_0000465,0.0,0.0,0.0,0.004901960784313725,0.0
ISIC_0000466,1.0,0.060217176702862786,0.0,0.0,0.0
ISIC_0000467,0.0,0.45714285714285713,0.0,0.0,0.0
ISIC_0000468,0.0,0.1399014778325123,0.0,0.0,0.0
ISIC_0000469,1.0,0.016748768472906402,0.0,0.0,0.0
ISIC_0000470,0.0,0.060098522167487685,0.0,0.0,0.0
ISIC_0000471,0.0,0.02973240832507433,0.0,0.0,0.0
ISIC_0000473,0.0,0.08523290386521308,0.0,0.007928642220019821,0.0
ISIC_0000474,0.0,0.21197252208047104,0.0,0.013738959764474975,0.0
ISIC_0000475,0.0,0.05330700888450148,0.0,0.0,0.0
ISIC_0000476,0.0,0.15597235932872655,0.0,0.0,0.0
ISIC_0000478,0.0,0.0,0.0,0.0,0.0
ISIC_0000479,0.0,0.0,0.0,0.0,0.0
ISIC_0000480,0.0,0.0,0.0,0.0,0.0
ISIC_0000481,0.0,0.21611001964636542,0.0,0.0029469548133595285,0.0
ISIC_0000482,1.0,0.0,0.0,0.0,0.006889763779527559
ISIC_0000483,0.0,0.18029556650246306,0.0,0.0,0.0
ISIC_0000484,1.0,0.0,0.0,0.0,0.0
ISIC_0000485,0.0,0.03747534516765286,0.0,0.0,0.0
ISIC_0000486,0.0,0.05708661417322835,0.0,0.0,0.0
ISIC_0000487,1.0,0.048180924287118974,0.0,0.0019665683382497543,0.0
ISIC_0000488,0.0,0.0,0.0,0.0,0.0
ISIC_0000489,0.0,0.0,0.0,0.0,0.0
ISIC_0000490,0.0,0.043521266073194856,0.0,0.0,0.0
ISIC_0000491,0.0,0.2504911591355599,0.0,0.0,0.0
ISIC_0000492,0.0,0.0,0.0,0.0,0.0
ISIC_0000493,0.0,0.06096361848574238,0.0,0.0,0.0
ISIC_0000494,0.0,0.0,0.0,0.0009861932938856016,0.0
ISIC_0000495,0.0,0.07177974434611603,0.0,0.0,0.0
ISIC_0000496,0.0,0.03762376237623762,0.0,0.0,0.016831683168316833
ISIC_0000498,0.0,0.08333333333333333,0.0,0.0,0.0
ISIC_0000499,0.0,0.0019665683382497543,0.0,0.0,0.0
ISIC_0000500,0.0,0.03940886699507389,0.0,0.0,0.0
ISIC_0000501,0.0,0.0,0.0,0.0,0.016765285996055226
ISIC_0000503,0.0,0.08284023668639054,0.0,0.0,0.0
ISIC_0000504,0.0,0.0,0.0,0.0,0.0
ISIC_0000505,0.0,0.0196078431372549,0.0,0.0,0.0
ISIC_0000506,0.0,0.0,0.0,0.0,0.0
ISIC_0000507,0.0,0.0,0.005888125613346418,0.005888125613346418,0.0
ISIC_0000508,0.0,0.16386969397828233,0.0,0.0,0.0
ISIC_0000509,0.0,0.08267716535433071,0.0,0.005905511811023622,0.0
ISIC_0000510,0.0,0.14003944773175542,0.0,0.0,0.0
ISIC_0000511,1.0,0.0,0.0,0.0,0.0
ISIC_0000513,1.0,0.012858555885262116,0.0,0.0,0.0
ISIC_0000514,0.0,0.003933136676499509,0.0,0.0,0.0
ISIC_0000515,0.0,0.2019704433497537,0.0,0.0,0.0
ISIC_0000516,1.0,0.06299212598425197,0.0,0.0,0.0
ISIC_0000517,1.0,0.0,0.0,0.0,0.0
ISIC_0000518,1.0,0.0,0.0,0.0,0.0
ISIC_0000519,1.0,0.08341708542713568,0.0,0.0,0.0
ISIC_0000520,1.0,0.013052208835341365,0.0,0.0,0.0
ISIC_0000521,1.0,0.25829145728643216,0.0,0.0,0.0
ISIC_0000522,1.0,0.0,0.0,0.0,0.008866995073891626
ISIC_0000523,0.0,0.0,0.0,0.0,0.0
ISIC_0000524,0.0,0.12291052114060963,0.0,0.0,0.0
ISIC_0000525,0.0,0.030176899063475548,0.0,0.01040582726326743,0.0
ISIC_0000527,0.0,0.0,0.0,0.0,0.0
ISIC_0000528,0.0,0.0,0.0,0.0,0.0
ISIC_0000529,0.0,0.23092369477911648,0.0,0.0,0.0
ISIC_0000530,0.0,0.0,0.0,0.0,0.0
ISIC_0000531,1.0,0.0019665683382497543,0.004916420845624385,0.0,0.0
ISIC_0000532,0.0,0.04031465093411996,0.0,0.0,0.0
ISIC_0000533,1.0,0.10979228486646884,0.0,0.0,0.0
ISIC_0000534,0.0,0.21562809099901087,0.0,0.0,0.0
ISIC_0000535,0.0,0.0,0.0,0.0,0.0
ISIC_0000536,0.0,0.04816955684007707,0.0,0.0,0.0
ISIC_0000538,0.0,0.11320754716981132,0.0,0.0,0.0
ISIC_0000539,0.0,0.1194471865745311,0.0,0.0,0.0
ISIC_0000540,0.0,0.24383020730503455,0.0,0.0,0.0
ISIC_0000541,0.0,0.07206317867719644,0.0,0.0,0.0
ISIC_0000542,0.0,0.005958291956305859,0.0,0.0,0.0
ISIC_0000543,0.0,0.03931451612903226,0.0,0.0,0.0
ISIC_0000544,0.0,0.006958250497017893,0.0,0.0,0.048707753479125246
ISIC_0000545,0.0,0.0,0.0,0.0,0.0
ISIC_0000546,0.0,0.0,0.08893280632411067,0.0,0.0
ISIC_0000547,1.0,0.04043392504930966,0.0,0.0,0.006903353057199211
ISIC_0000548,1.0,0.006072874493927126,0.0,0.0,0.0
ISIC_0000549,1.0,0.011846001974333662,0.0,0.0,0.0
ISIC_0000550,1.0,0.13339920948616601,0.0,0.0,0.0
ISIC_0000551,1.0,0.0,0.0,0.0,0.0
ISIC_0000552,1.0,0.049578059071729956,0.005274261603375527,0.0,0.020042194092827006
ISIC_0000554,1.0,0.015779092702169626,0.0,0.0,0.0
ISIC_0000555,1.0,0.0,0.0,0.0,0.0
ISIC_0000556,0.0,0.2143559488692232,0.0,0.0,0.0
ISIC_0000882,0.0,0.003948667324777887,0.0,0.0,0.0
ISIC_0000900,0.0,0.0,0.0,0.0,0.0
ISIC_0000999,0.0,0.04240631163708087,0.0,0.0,0.0
ISIC_0001100,1.0,0.0,0.0,0.0,0.003015075376884422
ISIC_0001102,1.0,0.0,0.0,0.0,0.005025125628140704
ISIC_0001103,1.0,0.0029615004935834156,0.0,0.0,0.0019743336623889436
ISIC_0001105,1.0,0.0,0.017051153460381142,0.0,0.0
ISIC_0001118,1.0,0.06324110671936758,0.0,0.0,0.0
ISIC_0001119,1.0,0.005030181086519115,0.0,0.0,0.008048289738430584
ISIC_0001126,1.0,0.0,0.0,0.0,0.0010050251256281408
ISIC_0001128,1.0,0.0,0.022110552763819097,0.0,0.0
ISIC_0001131,1.0,0.03803803803803804,0.0,0.0,0.004004004004004004
ISIC_0001133,1.0,0.0,0.07164480322906155,0.0,0.0
ISIC_0001134,1.0,0.005005005005005005,0.0,0.0,0.006006006006006006
ISIC_0001140,1.0,0.012732615083251714,0.0,0.0,0.043095004897159644
ISIC_0001142,1.0,0.02004008016032064,0.0,0.0,0.006012024048096192
ISIC_0001148,1.0,0.034170854271356785,0.0,0.0,0.0
ISIC_0001152,1.0,0.0268389662027833,0.0,0.0,0.0
ISIC_0001960,0.0,0.030632411067193676,0.0,0.0,0.0
ISIC_0002093,0.0,0.014807502467917079,0.0,0.0,0.0
ISIC_0002107,0.0,0.017769002961500493,0.0,0.0,0.0
ISIC_0002206,0.0,0.0,0.0,0.0009891196834817012,0.0
ISIC_0002246,0.0,0.0,0.0,0.0,0.0
ISIC_0002251,0.0,0.0,0.0,0.0029585798816568047,0.0
ISIC_0002287,0.0,0.0,0.0,0.0,0.0
ISIC_0002353,0.0,0.0,0.0,0.0,0.0
ISIC_0002374,0.0,0.0,0.0,0.0,0.0
ISIC_0002438,0.0,0.010869565217391304,0.0,0.0,0.0
ISIC_0002439,0.0,0.015810276679841896,0.0,0.0,0.0
ISIC_0002453,0.0,0.0,0.0,0.0,0.0
ISIC_0002459,0.0,0.0,0.0,0.0,0.0
ISIC_0002469,0.0,0.0,0.0,0.005923000987166831,0.0
ISIC_0002476,0.0,0.0,0.0,0.0029615004935834156,0.0
ISIC_0002488,0.0,0.0,0.0,0.0,0.0
ISIC_0002489,0.0,0.010848126232741617,0.0,0.0,0.0
ISIC_0002616,0.0,0.0019743336623889436,0.0,0.0,0.0
ISIC_0002647,0.0,0.0029585798816568047,0.0,0.0,0.0
ISIC_0002673,0.0,0.0,0.0,0.0,0.0
ISIC_0002780,0.0,0.001976284584980237,0.0,0.0,0.0
ISIC_0002806,0.0,0.05138339920948617,0.0,0.007905138339920948,0.0
ISIC_0002829,0.0,0.0,0.0,0.0039447731755424065,0.0
ISIC_0002836,0.0,0.0,0.0,0.004940711462450593,0.0
ISIC_0002871,0.0,0.0,0.0,0.0,0.0
ISIC_0002879,0.0,0.0,0.0,0.006910167818361303,0.0
ISIC_0002885,0.0,0.0,0.0,0.0,0.0
ISIC_0002948,0.0,0.037549407114624504,0.0,0.0,0.0
ISIC_0002975,0.0,0.0,0.0,0.0,0.0
ISIC_0002976,0.0,0.0,0.0,0.0,0.0
ISIC_0003005,0.0,0.0,0.0,0.003948667324777887,0.0
ISIC_0003051,0.0,0.0,0.003952569169960474,0.0,0.0
ISIC_0003056,0.0,0.00796812749003984,0.0,0.0,0.0
ISIC_0003174,0.0,0.0,0.0,0.0,0.0
ISIC_0003308,0.0,0.0,0.0,0.0,0.0
ISIC_0003346,0.0,0.0029585798816568047,0.0,0.0019723865877712033,0.0
ISIC_0003728,0.0,0.0,0.0,0.0,0.0
ISIC_0004110,0.0,0.002967359050445104,0.0,0.006923837784371909,0.0
ISIC_0004115,0.0,0.0,0.0,0.0029644268774703555,0.0
ISIC_0004166,0.0,0.004940711462450593,0.0,0.0009881422924901185,0.0
ISIC_0004168,0.0,0.007905138339920948,0.0,0.0,0.0
ISIC_0004309,0.0,0.0,0.0,0.0009881422924901185,0.0
ISIC_0004346,0.0,0.0,0.0,0.0,0.0
ISIC_0004715,0.0,0.0,0.0,0.0029585798816568047,0.0
ISIC_0004985,0.0,0.0,0.0,0.0,0.0
ISIC_0005000,0.0,0.023692003948667325,0.0,0.0,0.0
ISIC_0005187,0.0,0.0009861932938856016,0.0,0.0029585798816568047,0.0
ISIC_0005548,0.0,0.01085883514313919,0.0,0.0,0.0
ISIC_0005555,0.0,0.007920792079207921,0.0,0.0,0.0
ISIC_0005620,0.0,0.0,0.0,0.0,0.0
ISIC_0005639,0.0,0.03557312252964427,0.0,0.0,0.0
ISIC_0005666,0.0,0.012833168805528134,0.0,0.0019743336623889436,0.0
ISIC_0005787,0.0,0.0,0.0,0.0,0.0
ISIC_0006021,0.0,0.0,0.0,0.0,0.0
ISIC_0006114,0.0,0.0,0.0,0.0,0.0
ISIC_0006193,0.0,0.008875739644970414,0.0,0.0,0.0
ISIC_0006326,0.0,0.0,0.0,0.004930966469428008,0.0
ISIC_0006350,0.0,0.0,0.0,0.0039447731755424065,0.0
ISIC_0006612,0.0,0.03060217176702863,0.0,0.0,0.0
ISIC_0006711,0.0,0.008884501480750246,0.0,0.0029615004935834156,0.0
ISIC_0006776,0.0,0.026627218934911243,0.0,0.0,0.0
ISIC_0006795,0.0,0.0029615004935834156,0.0,0.0,0.0
ISIC_0006800,0.0,0.03254437869822485,0.0,0.0019723865877712033,0.0
ISIC_0006940,0.0,0.0,0.0,0.0,0.0
ISIC_0006982,0.0,0.0029585798816568047,0.0,0.0,0.0
ISIC_0007038,0.0,0.0,0.0,0.0039447731755424065,0.0
ISIC_0007087,0.0,0.0,0.0,0.0019723865877712033,0.0
ISIC_0007322,0.0,0.004955401387512388,0.0,0.003964321110009911,0.0
ISIC_0007475,0.0,0.04437869822485207,0.0,0.0,0.0
ISIC_0007557,0.0,0.0,0.005928853754940711,0.003952569169960474,0.0
ISIC_0007693,0.0,0.0,0.0019743336623889436,0.0019743336623889436,0.0
ISIC_0007760,0.0,0.0,0.0,0.0019723865877712033,0.0
ISIC_0008029,0.0,0.0,0.0,0.0,0.0
ISIC_0008116,0.0,0.0,0.0,0.010848126232741617,0.0
ISIC_0008145,0.0,0.0,0.0,0.0,0.0
ISIC_0008207,0.0,0.0,0.0,0.0,0.0
ISIC_0008236,0.0,0.0,0.0,0.0,0.0
ISIC_0008256,0.0,0.0,0.0,0.0029615004935834156,0.0
ISIC_0008280,0.0,0.0,0.0,0.0039447731755424065,0.0
ISIC_0008294,0.0,0.0,0.0,0.0,0.0
ISIC_0008347,0.0,0.0,0.0,0.0019723865877712033,0.0
ISIC_0008396,0.0,0.0,0.0,0.0,0.0
ISIC_0008403,0.0,0.0,0.0,0.0,0.0
ISIC_0008406,0.0,0.010869565217391304,0.0,0.0,0.0
ISIC_0008507,0.0,0.0009861932938856016,0.0,0.0,0.0
ISIC_0008528,0.0,0.0,0.0,0.008875739644970414,0.0
ISIC_0008541,0.0,0.0,0.0,0.0,0.0
ISIC_0008552,0.0,0.0,0.0,0.0039447731755424065,0.0
ISIC_0008600,0.0,0.0,0.0,0.0029585798816568047,0.0
ISIC_0008626,0.0,0.0,0.0,0.0,0.0
ISIC_0008659,0.0,0.0,0.0,0.003948667324777887,0.0
ISIC_0008785,0.0,0.0,0.0,0.0,0.0
ISIC_0008807,0.0,0.012833168805528134,0.0,0.0,0.0
ISIC_0008879,0.0,0.0029644268774703555,0.0,0.0009881422924901185,0.0
ISIC_0008992,0.0,0.0,0.0,0.0,0.0
ISIC_0008993,0.0,0.0,0.0,0.0,0.0
ISIC_0008998,0.0,0.008875739644970414,0.0,0.0,0.0
ISIC_0009035,0.0,0.0,0.0,0.009891196834817012,0.0
ISIC_0009078,0.0,0.003948667324777887,0.0,0.0029615004935834156,0.0
ISIC_0009083,0.0,0.0,0.0,0.0,0.0
ISIC_0009160,0.0,0.0019723865877712033,0.0,0.0019723865877712033,0.0
ISIC_0009165,0.0,0.002967359050445104,0.0,0.0,0.0
ISIC_0009188,0.0,0.0,0.0,0.0,0.0
ISIC_0009252,0.0,0.0,0.0,0.0,0.0
ISIC_0009297,0.0,0.005917159763313609,0.0009861932938856016,0.0,0.0
ISIC_0009298,0.0,0.0,0.0,0.0,0.0
ISIC_0009344,0.0,0.01383399209486166,0.0,0.0029644268774703555,0.0
ISIC_0009430,0.0,0.02073050345508391,0.0,0.0,0.0
ISIC_0009504,0.0,0.0,0.0,0.0,0.0
ISIC_0009533,0.0,0.0,0.0,0.0,0.0
ISIC_0009564,0.0,0.0,0.0,0.0,0.0
ISIC_0009583,0.0,0.0,0.0,0.0,0.0
ISIC_0009599,0.0,0.0,0.0,0.0009881422924901185,0.0
ISIC_0009758,0.0,0.018756169792694965,0.0,0.004935834155972359,0.0
ISIC_0009860,0.0,0.009891196834817012,0.0,0.0,0.0
ISIC_0009868,1.0,0.0,0.0,0.0,0.0
ISIC_0009869,0.0,0.014084507042253521,0.0,0.002012072434607646,0.0
ISIC_0009870,0.0,0.0,0.0,0.0,0.0
ISIC_0009871,0.0,0.15720081135902636,0.0,0.0,0.0
ISIC_0009872,0.0,0.0,0.0,0.0,0.0
ISIC_0009873,0.0,0.0,0.0,0.04714142427281846,0.0
ISIC_0009874,0.0,0.02613065326633166,0.0,0.0,0.0
ISIC_0009875,0.0,0.007049345417925478,0.0,0.023162134944612285,0.0
ISIC_0009877,0.0,0.0,0.0,0.0,0.0
ISIC_0009879,0.0,0.01006036217303823,0.0,0.0,0.0
ISIC_0009880,0.0,0.012048192771084338,0.014056224899598393,0.0,0.0
ISIC_0009881,0.0,0.11616161616161616,0.0,0.0,0.0
ISIC_0009882,1.0,0.13272543059777103,0.0,0.0,0.0
ISIC_0009883,0.0,0.023162134944612285,0.0,0.0010070493454179255,0.0
ISIC_0009884,0.0,0.01407035175879397,0.0,0.0,0.0
ISIC_0009885,0.0,0.02217741935483871,0.0,0.0,0.0
ISIC_0009888,0.0,0.001004016064257028,0.0,0.0,0.0
ISIC_0009889,0.0,0.0,0.0,0.0,0.0
ISIC_0009891,0.0,0.0,0.004016064257028112,0.0,0.0
ISIC_0009895,0.0,0.007063572149344097,0.0,0.0,0.0
ISIC_0009896,0.0,0.011055276381909548,0.0,0.0,0.0
ISIC_0009897,1.0,0.10885045778229908,0.0,0.0,0.0
ISIC_0009898,1.0,0.010070493454179255,0.0,0.0,0.0
ISIC_0009899,0.0,0.0,0.028056112224448898,0.003006012024048096,0.0
ISIC_0009901,0.0,0.11244979919678715,0.0,0.0050200803212851405,0.0
ISIC_0009902,0.0,0.057459677419354836,0.0,0.0,0.0
ISIC_0009905,1.0,0.0,0.0,0.0,0.0
ISIC_0009906,0.0,0.0,0.0,0.002008032128514056,0.0
ISIC_0009909,0.0,0.013052208835341365,0.0,0.0,0.0
ISIC_0009910,1.0,0.07537688442211055,0.0,0.0010050251256281408,0.0
ISIC_0009911,0.0,0.08476286579212916,0.0,0.0,0.0
ISIC_0009912,0.0,0.005045408678102927,0.0,0.0,0.0
ISIC_0009914,0.0,0.015166835187057633,0.0,0.0,0.0
ISIC_0009915,0.0,0.007077856420626896,0.005055611729019211,0.0010111223458038423,0.0
ISIC_0009917,0.0,0.0,0.0,0.0050150451354062184,0.0
ISIC_0009918,1.0,0.0,0.005025125628140704,0.0,0.0
ISIC_0009919,0.0,0.0,0.0,0.0,0.0
ISIC_0009920,0.0,0.0,0.0,0.0,0.0
ISIC_0009921,0.0,0.0,0.0,0.004032258064516129,0.0
ISIC_0009923,0.0,0.08870967741935484,0.0,0.0,0.020161290322580645
ISIC_0009925,0.0,0.018145161290322582,0.0,0.0,0.0
ISIC_0009929,0.0,0.0,0.0,0.0,0.0
ISIC_0009930,0.0,0.003015075376884422,0.0,0.0,0.0
ISIC_0009931,0.0,0.15369059656218403,0.0,0.0010111223458038423,0.0
ISIC_0009932,0.0,0.10943775100401607,0.0,0.0,0.015060240963855422
ISIC_0009933,0.0,0.0,0.0,0.0,0.0
ISIC_0009935,0.0,0.019153225806451613,0.0,0.0,0.0
ISIC_0009936,0.0,0.005040322580645161,0.0,0.0,0.0
ISIC_0009937,0.0,0.0,0.0,0.0,0.0
ISIC_0009938,0.0,0.0010030090270812437,0.01905717151454363,0.0,0.0
ISIC_0009939,0.0,0.012084592145015106,0.0,0.0010070493454179255,0.0
ISIC_0009940,0.0,0.10462776659959759,0.02012072434607646,0.001006036217303823,0.0
ISIC_0009941,0.0,0.012072434607645875,0.0,0.0,0.0
ISIC_0009942,0.0,0.0,0.0,0.0030303030303030303,0.0
ISIC_0009943,0.0,0.01306532663316583,0.0,0.0,0.0
ISIC_0009945,0.0,0.0,0.0,0.0,0.0
ISIC_0009946,0.0,0.010070493454179255,0.04028197381671702,0.0,0.0
ISIC_0009947,0.0,0.02716297786720322,0.0,0.0,0.0
ISIC_0009949,0.0,0.08341708542713568,0.0,0.003015075376884422,0.0
ISIC_0009950,1.0,0.0,0.023138832997987926,0.0,0.0
ISIC_0009951,0.0,0.0,0.0,0.0,0.0
ISIC_0009953,0.0,0.12919633774160733,0.0,0.0,0.0
ISIC_0009954,0.0,0.004032258064516129,0.0,0.0,0.0
ISIC_0009955,1.0,0.0,0.0,0.0,0.0
ISIC_0009956,0.0,0.002012072434607646,0.0,0.002012072434607646,0.0
ISIC_0009958,0.0,0.005045408678102927,0.0,0.0,0.0
ISIC_0009960,1.0,0.01507537688442211,0.0,0.0,0.0
ISIC_0009961,0.0,0.013039117352056168,0.0,0.01905717151454363,0.0
ISIC_0009962,0.0,0.2345803842264914,0.0,0.0,0.0
ISIC_0009963,0.0,0.003045685279187817,0.0,0.0,0.0
ISIC_0009964,0.0,0.0,0.0,0.0,0.0
ISIC_0009965,0.0,0.0,0.0,0.0,0.0
ISIC_0009966,0.0,0.0,0.0,0.0,0.0
ISIC_0009967,0.0,0.0,0.04435483870967742,0.0010080645161290322,0.0
ISIC_0009968,0.0,0.008056394763343404,0.0,0.0,0.010070493454179255
ISIC_0009969,0.0,0.16683518705763398,0.0,0.0020222446916076846,0.0
ISIC_0009971,1.0,0.0,0.0,0.0,0.0
ISIC_0009972,0.0,0.03024193548387097,0.0,0.0,0.0
ISIC_0009973,0.0,0.01905717151454363,0.0,0.0,0.0
ISIC_0009974,0.0,0.0,0.02710843373493976,0.014056224899598393,0.0
ISIC_0009975,0.0,0.05331991951710262,0.0,0.0,0.02012072434607646
ISIC_0009976,0.0,0.0,0.0,0.0,0.0
ISIC_0009977,0.0,0.01812688821752266,0.0,0.0,0.0
ISIC_0009979,0.0,0.015197568389057751,0.0,0.0,0.0
ISIC_0009981,0.0,0.019114688128772636,0.0,0.0,0.0
ISIC_0009982,0.0,0.0,0.0,0.0,0.0
ISIC_0009987,0.0,0.11871227364185111,0.0,0.0,0.0
ISIC_0009991,0.0,0.20804020100502513,0.0,0.0,0.0
ISIC_0009993,1.0,0.02631578947368421,0.005060728744939271,0.0,0.0
ISIC_0009994,0.0,0.02332657200811359,0.0,0.0010141987829614604,0.0
ISIC_0009998,0.0,0.06882591093117409,0.0,0.0,0.015182186234817813
ISIC_0010000,1.0,0.00808080808080808,0.0,0.0,0.0
ISIC_0010002,0.0,0.0,0.0,0.0,0.0
ISIC_0010003,0.0,0.0030303030303030303,0.0030303030303030303,0.0,0.0
ISIC_0010005,0.0,0.11955420466058764,0.0,0.029381965552178316,0.0
ISIC_0010006,0.0,0.176056338028169,0.0,0.0,0.0
ISIC_0010011,1.0,0.0,0.0,0.0,0.0
ISIC_0010013,0.0,0.02834008097165992,0.00708502024291498,0.0,0.0
ISIC_0010014,0.0,0.07164480322906155,0.0,0.0,0.0
ISIC_0010015,0.0,0.04924623115577889,0.0,0.0,0.0
ISIC_0010016,1.0,0.0030241935483870967,0.0,0.0,0.0
ISIC_0010017,0.0,0.3011077542799597,0.0,0.004028197381671702,0.0
ISIC_0010018,0.0,0.0864321608040201,0.0,0.0,0.0
ISIC_0010019,0.0,0.14762386248736098,0.0,0.0,0.0
ISIC_0010020,0.0,0.02920443101711984,0.0,0.0,0.0
ISIC_0010021,0.0,0.0,0.025227043390514632,0.027245206861755803,0.0
ISIC_0010022,0.0,0.20967741935483872,0.0,0.017137096774193547,0.0
ISIC_0010024,1.0,0.004020100502512563,0.0,0.0,0.0
ISIC_0010025,0.0,0.0,0.031313131313131314,0.0,0.0
ISIC_0010028,0.0,0.025227043390514632,0.0,0.0,0.0
ISIC_0010029,1.0,0.0,0.0,0.0,0.0
ISIC_0010032,0.0,0.0,0.0,0.0,0.0
ISIC_0010034,1.0,0.0,0.0,0.0,0.0
ISIC_0010036,1.0,0.0,0.0,0.0,0.0
ISIC_0010040,0.0,0.007070707070707071,0.0,0.0,0.0
ISIC_0010042,0.0,0.0,0.0,0.004024144869215292,0.0
ISIC_0010043,0.0,0.0,0.0,0.0,0.0
ISIC_0010044,0.0,0.0,0.0,0.0,0.0
ISIC_0010046,0.0,0.0,0.0,0.0,0.0
ISIC_0010047,0.0,0.0,0.0,0.01616161616161616,0.0
ISIC_0010051,0.0,0.0,0.0,0.0,0.0
ISIC_0010053,0.0,0.018090452261306532,0.0,0.0,0.0
ISIC_0010054,1.0,0.0,0.0,0.0,0.0
ISIC_0010055,0.0,0.01310483870967742,0.0,0.0,0.0
ISIC_0010057,0.0,0.008064516129032258,0.0,0.0,0.0
ISIC_0010058,0.0,0.14026236125126135,0.0,0.0,0.0
ISIC_0010059,0.0,0.0,0.0,0.0,0.0
ISIC_0010060,0.0,0.0,0.0,0.0,0.0
ISIC_0010061,0.0,0.0,0.0,0.0,0.0
ISIC_0010062,0.0,0.10494450050454086,0.0,0.0010090817356205853,0.0
ISIC_0010063,0.0,0.3333333333333333,0.0,0.0,0.0
ISIC_0010064,0.0,0.0,0.0,0.0,0.0
ISIC_0010066,0.0,0.047283702213279676,0.013078470824949699,0.0,0.0
ISIC_0010067,1.0,0.0,0.0,0.0,0.0
ISIC_0010069,0.0,0.0,0.0,0.0,0.0
ISIC_0010070,0.0,0.017034068136272545,0.0,0.02004008016032064,0.0
ISIC_0010074,0.0,0.010050251256281407,0.0,0.004020100502512563,0.0
ISIC_0010075,0.0,0.13467336683417086,0.0,0.0,0.0
ISIC_0010077,0.0,0.009054325955734407,0.0,0.0,0.0
ISIC_0010078,0.0,0.15462868769074262,0.0,0.0,0.0
ISIC_0010080,1.0,0.0482897384305835,0.0,0.0,0.0
ISIC_0010081,1.0,0.0,0.0,0.0,0.0
ISIC_0010086,0.0,0.0486815415821501,0.0,0.0,0.0
ISIC_0010087,0.0,0.0,0.0,0.0,0.0
ISIC_0010088,0.0,0.0,0.0,0.0,0.0
ISIC_0010089,1.0,0.01104417670682731,0.0,0.0,0.0
ISIC_0010090,0.0,0.0,0.0,0.0,0.0
ISIC_0010092,0.0,0.005035246727089627,0.0,0.011077542799597181,0.0
ISIC_0010093,0.0,0.009081735620585268,0.0,0.0,0.0
ISIC_0010094,1.0,0.0,0.0,0.0,0.024096385542168676
ISIC_0010100,0.0,0.014141414141414142,0.0,0.007070707070707071,0.0
ISIC_0010102,0.0,0.0,0.0,0.0,0.0
ISIC_0010104,0.0,0.007049345417925478,0.0,0.0,0.0
ISIC_0010105,0.0,0.005035246727089627,0.0,0.0,0.0
ISIC_0010168,0.0,0.03441295546558704,0.0,0.0,0.0
ISIC_0010170,0.0,0.020181634712411706,0.0,0.0,0.0
ISIC_0010171,1.0,0.015090543259557344,0.0,0.0,0.0
ISIC_0010173,0.0,0.01020408163265306,0.0,0.0,0.0
ISIC_0010174,1.0,0.012133468149646108,0.0,0.0,0.0
ISIC_0010176,0.0,0.017119838872104734,0.0,0.004028197381671702,0.012084592145015106
ISIC_0010177,0.0,0.002014098690835851,0.0,0.0,0.0
ISIC_0010178,0.0,0.004032258064516129,0.0,0.0,0.0
ISIC_0010180,0.0,0.0020060180541624875,0.0,0.003009027081243731,0.0
ISIC_0010182,0.0,0.005055611729019211,0.0,0.0,0.0
ISIC_0010184,0.0,0.0,0.0,0.0,0.0
ISIC_0010185,0.0,0.0,0.0,0.0,0.003015075376884422
ISIC_0010186,0.0,0.033165829145728645,0.0,0.0,0.0
ISIC_0010187,0.0,0.2,0.0,0.00202020202020202,0.0
ISIC_0010191,0.0,0.05728643216080402,0.0,0.0,0.0
ISIC_0010192,0.0,0.023350253807106598,0.0,0.0,0.0
ISIC_0010193,0.0,0.0,0.0,0.0,0.0
ISIC_0010194,1.0,0.0625,0.0,0.0,0.0
ISIC_0010201,0.0,0.16649848637739656,0.0,0.0020181634712411706,0.08476286579212916
ISIC_0010202,0.0,0.27106598984771574,0.0,0.0,0.03553299492385787
ISIC_0010205,0.0,0.06180344478216818,0.0,0.0,0.0
ISIC_0010206,0.0,0.0,0.0,0.0010070493454179255,0.0
ISIC_0010207,1.0,0.0,0.0,0.0,0.0
ISIC_0010212,0.0,0.15060240963855423,0.0,0.0,0.0
ISIC_0010213,0.0,0.07754279959718026,0.0,0.0010070493454179255,0.0
ISIC_0010215,0.0,0.08502024291497975,0.0,0.0,0.0
ISIC_0010216,0.0,0.0,0.0,0.0,0.0
ISIC_0010219,0.0,0.01919191919191919,0.0,0.0,0.0
ISIC_0010220,0.0,0.01710261569416499,0.0,0.0,0.002012072434607646
ISIC_0010222,0.0,0.26754832146490337,0.0,0.007121057985757884,0.0
ISIC_0010225,1.0,0.016112789526686808,0.0,0.0,0.0
ISIC_0010227,0.0,0.0,0.006054490413723511,0.0,0.0
ISIC_0010229,0.0,0.03741152679474216,0.0,0.006066734074823054,0.0
ISIC_0010231,1.0,0.0,0.0,0.0,0.0
ISIC_0010233,0.0,0.0,0.0,0.058174523570712136,0.09729187562688064
ISIC_0010234,0.0,0.0,0.0,0.0,0.016194331983805668
ISIC_0010236,0.0,0.027190332326283987,0.0,0.0010070493454179255,0.0
ISIC_0010237,0.0,0.0,0.012084592145015106,0.0,0.0
ISIC_0010240,1.0,0.006048387096774193,0.0,0.0,0.0
ISIC_0010241,1.0,0.0,0.019153225806451613,0.0,0.0
ISIC_0010244,0.0,0.016145307769929364,0.0,0.0,0.0
ISIC_0010246,0.0,0.0,0.0,0.0,0.0
ISIC_0010247,0.0,0.07236180904522613,0.0,0.0,0.0
ISIC_0010248,0.0,0.02108433734939759,0.0,0.001004016064257028,0.0
ISIC_0010249,0.0,0.03951367781155015,0.0,0.011144883485309016,0.0
ISIC_0010251,1.0,0.0,0.0,0.0,0.0
ISIC_0010254,0.0,0.0,0.0,0.0,0.0
ISIC_0010255,0.0,0.0,0.0,0.0,0.0
ISIC_0010256,0.0,0.007070707070707071,0.0,0.0,0.0
ISIC_0010257,0.0,0.0,0.0,0.0,0.0
ISIC_0010261,0.0,0.03128153380423814,0.0,0.0,0.0
ISIC_0010262,0.0,0.0,0.0,0.0,0.0
ISIC_0010264,0.0,0.0,0.0,0.005040322580645161,0.0
ISIC_0010265,1.0,0.01306532663316583,0.016080402010050253,0.0,0.0
ISIC_0010267,1.0,0.038306451612903226,0.0,0.0,0.0
ISIC_0010317,0.0,0.0,0.0,0.0,0.0
ISIC_0010318,0.0,0.02914572864321608,0.0,0.0,0.0
ISIC_0010320,0.0,0.0,0.0,0.0,0.0
ISIC_0010326,0.0,0.0,0.0,0.0,0.0
ISIC_0010327,0.0,0.004028197381671702,0.0,0.0,0.0
ISIC_0010329,1.0,0.020060180541624874,0.0,0.0,0.0
ISIC_0010330,0.0,0.0,0.0,0.0,0.0
ISIC_0010332,0.0,0.0,0.0,0.0,0.0
ISIC_0010333,0.0,0.1135678391959799,0.0,0.0020100502512562816,0.0
ISIC_0010334,0.0,0.4269889224572004,0.0,0.0030211480362537764,0.0
ISIC_0010336,0.0,0.02716297786720322,0.0,0.0,0.0
ISIC_0010337,0.0,0.007063572149344097,0.0,0.0,0.0
ISIC_0010339,0.0,0.00906344410876133,0.0,0.0,0.0
ISIC_0010340,0.0,0.0668693009118541,0.0,0.0,0.0
ISIC_0010341,0.0,0.0,0.0,0.0,0.0
ISIC_0010342,0.0,0.0788675429726997,0.021233569261880688,0.0,0.0
ISIC_0010344,0.0,0.10111223458038422,0.0,0.0,0.0
ISIC_0010346,0.0,0.0,0.0,0.0,0.0
ISIC_0010348,0.0,0.0,0.0,0.0,0.0
ISIC_0010350,1.0,0.06445115810674723,0.0,0.0,0.0
ISIC_0010351,0.0,0.0,0.0,0.00101010101010101,0.0
ISIC_0010356,0.0,0.0,0.0,0.0,0.0
ISIC_0010357,0.0,0.0,0.0,0.0,0.0
ISIC_0010358,1.0,0.0,0.03737373737373737,0.0,0.0
ISIC_0010360,1.0,0.0,0.04116465863453815,0.0,0.006024096385542169
ISIC_0010362,0.0,0.04939516129032258,0.0,0.0,0.0
ISIC_0010364,1.0,0.0,0.03838383838383838,0.0,0.0
ISIC_0010365,0.0,0.13380281690140844,0.0,0.004024144869215292,0.0
ISIC_0010367,0.0,0.025201612903225805,0.0,0.0,0.0
ISIC_0010368,0.0,0.07963709677419355,0.0,0.0,0.0
ISIC_0010370,0.0,0.0,0.0,0.0010121457489878543,0.0
ISIC_0010371,0.0,0.033299697275479316,0.0,0.0,0.0
ISIC_0010372,1.0,0.0,0.0,0.0,0.0
ISIC_0010374,0.0,0.012133468149646108,0.0,0.023255813953488372,0.0
ISIC_0010379,1.0,0.0,0.0,0.0,0.0
ISIC_0010382,0.0,0.04824120603015075,0.0,0.0,0.0
ISIC_0010435,0.0,0.0,0.0,0.0,0.0
ISIC_0010441,1.0,0.0,0.0,0.0,0.0
ISIC_0010442,0.0,0.07272727272727272,0.0,0.0,0.0
ISIC_0010443,0.0,0.0436105476673428,0.0,0.0,0.0
ISIC_0010444,0.0,0.006109979633401222,0.0,0.0,0.0
ISIC_0010447,0.0,0.0,0.0,0.0,0.0
ISIC_0010448,0.0,0.0,0.0,0.0,0.0
ISIC_0010449,0.0,0.0,0.0,0.0,0.0
ISIC_0010452,0.0,0.0,0.0,0.0,0.0
ISIC_0010455,0.0,0.14994934143870314,0.0,0.047619047619047616,0.0
ISIC_0010456,0.0,0.0,0.0,0.0,0.0
ISIC_0010458,0.0,0.0,0.0,0.0,0.0
ISIC_0010460,0.0,0.0,0.0,0.0,0.0
ISIC_0010461,0.0,0.0,0.0,0.0030211480362537764,0.0
ISIC_0010463,0.0,0.0,0.0,0.005055611729019211,0.024266936299292215
ISIC_0010465,0.0,0.13069908814589665,0.0,0.0,0.0
ISIC_0010466,1.0,0.0,0.0,0.0,0.0
ISIC_0010467,0.0,0.0,0.0,0.0,0.0
ISIC_0010468,1.0,0.03323262839879154,0.0,0.0,0.0
ISIC_0010471,0.0,0.013039117352056168,0.0,0.0,0.0
ISIC_0010472,0.0,0.00906344410876133,0.0,0.0,0.0
ISIC_0010473,0.0,0.0,0.0,0.0,0.0
ISIC_0010474,0.0,0.017051153460381142,0.0,0.0,0.0
ISIC_0010475,0.0,0.01616161616161616,0.0,0.00404040404040404,0.0
ISIC_0010476,1.0,0.004077471967380225,0.0,0.0,0.0
ISIC_0010477,0.0,0.08971774193548387,0.0,0.0030241935483870967,0.0
ISIC_0010479,0.0,0.0,0.0,0.0,0.0
ISIC_0010480,0.0,0.008088978766430738,0.0,0.0,0.0
ISIC_0010481,0.0,0.01917255297679112,0.0,0.0,0.0
ISIC_0010483,0.0,0.0,0.0,0.00404040404040404,0.0
ISIC_0010487,0.0,0.0,0.05454545454545454,0.0,0.0
ISIC_0010488,0.0,0.07388663967611336,0.0,0.0,0.0
ISIC_0010490,0.0,0.03834510595358224,0.0,0.006054490413723511,0.0
ISIC_0010492,0.0,0.24798387096774194,0.0,0.0,0.0
ISIC_0010493,0.0,0.16145307769929365,0.0,0.0,0.035317860746720484
ISIC_0010494,0.0,0.0,0.0,0.024291497975708502,0.0
ISIC_0010497,0.0,0.0525783619817998,0.0,0.0,0.0
ISIC_0010498,0.0,0.0,0.0,0.0,0.0
ISIC_0010552,0.0,0.06268958543983821,0.0,0.01314459049544995,0.0
ISIC_0010553,0.0,0.07366296670030273,0.0,0.0,0.0
ISIC_0010554,0.0,0.027190332326283987,0.0,0.0,0.0
ISIC_0010557,0.0,0.0,0.0,0.0010050251256281408,0.0
ISIC_0010558,0.0,0.09557344064386318,0.0,0.001006036217303823,0.0
ISIC_0010562,0.0,0.0,0.0,0.00101010101010101,0.0
ISIC_0010565,0.0,0.0,0.0,0.0,0.0
ISIC_0010566,0.0,0.0,0.0,0.0,0.0
ISIC_0010567,0.0,0.06174089068825911,0.0,0.0,0.0
ISIC_0010568,0.0,0.06572295247724974,0.0,0.0,0.0
ISIC_0010569,0.0,0.0,0.0,0.0,0.0
ISIC_0010570,0.0,0.015151515151515152,0.0,0.006060606060606061,0.0
ISIC_0010571,0.0,0.0,0.0,0.0,0.0
ISIC_0010573,0.0,0.04934541792547835,0.0,0.0,0.025176233635448138
ISIC_0010574,0.0,0.003033367037411527,0.0,0.0,0.0
ISIC_0010575,0.0,0.0,0.0,0.0,0.0
ISIC_0010581,0.0,0.0,0.0,0.0,0.0
ISIC_0010582,0.0,0.03726082578046324,0.0,0.0030211480362537764,0.0
ISIC_0010584,0.0,0.0,0.0,0.0,0.0
ISIC_0010585,0.0,0.0,0.0,0.0,0.0
ISIC_0010586,0.0,0.0,0.006042296072507553,0.0010070493454179255,0.0
ISIC_0010587,1.0,0.0,0.0,0.0,0.01812688821752266
ISIC_0010588,0.0,0.7821285140562249,0.0,0.0,0.0
ISIC_0010589,0.0,0.11693548387096774,0.0,0.0,0.0
ISIC_0010590,0.0,0.0,0.0,0.0,0.0
ISIC_0010591,1.0,0.14818548387096775,0.0,0.0,0.0
ISIC_0010592,0.0,0.0030181086519114686,0.0,0.0,0.0
ISIC_0010593,0.0,0.030211480362537766,0.0,0.0,0.0
ISIC_0010595,0.0,0.0973630831643002,0.0,0.0,0.0
ISIC_0010596,1.0,0.10171198388721048,0.0,0.0030211480362537764,0.0
ISIC_0010597,1.0,0.012084592145015106,0.0,0.0,0.00906344410876133
ISIC_0010598,0.0,0.00906344410876133,0.0,0.0010070493454179255,0.0
ISIC_0010599,0.0,0.02854230377166157,0.0,0.0,0.07543323139653414
ISIC_0010602,0.0,0.13691683569979715,0.0,0.005070993914807302,0.0
ISIC_0010603,0.0,0.0,0.0,0.011066398390342052,0.0
ISIC_0010606,0.0,0.025227043390514632,0.0,0.0,0.0
ISIC_0010607,0.0,0.0,0.0,0.0,0.0
ISIC_0010844,0.0,0.0,0.0,0.0,0.0
ISIC_0010846,0.0,0.0,0.0,0.0,0.0
ISIC_0010847,0.0,0.0,0.0,0.0,0.0
ISIC_0010848,0.0,0.0,0.0,0.0,0.0
ISIC_0010850,0.0,0.0,0.0,0.0,0.0
ISIC_0010851,0.0,0.0,0.0,0.0,0.0
ISIC_0010852,1.0,0.0,0.0,0.0020161290322580645,0.0
ISIC_0010853,0.0,0.02414486921529175,0.0,0.0,0.0
ISIC_0010854,0.0,0.0,0.0,0.0,0.0
ISIC_0010856,0.0,0.0,0.0,0.0,0.0
ISIC_0010857,0.0,0.1903323262839879,0.0,0.011077542799597181,0.0
ISIC_0010858,0.0,0.0,0.0,0.0,0.0
ISIC_0010860,1.0,0.05348133198789102,0.0,0.013118062563067608,0.0
ISIC_0010861,0.0,0.0030181086519114686,0.0,0.006036217303822937,0.0
ISIC_0010862,1.0,0.0,0.0,0.0,0.0
ISIC_0010863,1.0,0.24419778002018164,0.0,0.0,0.0
ISIC_0010864,0.0,0.04229607250755287,0.0,0.0,0.0
ISIC_0011079,0.0,0.15221774193548387,0.0,0.015120967741935484,0.0
ISIC_0011082,0.0,0.012108980827447022,0.0,0.0,0.0
ISIC_0011083,0.0,0.0,0.0,0.0,0.0
ISIC_0011085,0.0,0.10452261306532663,0.0,0.0,0.0
ISIC_0011088,0.0,0.0,0.027245206861755803,0.007063572149344097,0.0
ISIC_0011089,0.0,0.0,0.0,0.0,0.0
ISIC_0011090,0.0,0.012096774193548387,0.0,0.020161290322580645,0.0
ISIC_0011095,1.0,0.017119838872104734,0.0,0.0,0.005035246727089627
ISIC_0011097,0.0,0.0,0.0,0.002012072434607646,0.0
ISIC_0011098,0.0,0.007049345417925478,0.0,0.0,0.0
ISIC_0011099,1.0,0.0,0.014127144298688193,0.013118062563067608,0.0
ISIC_0011101,0.0,0.0,0.0,0.0,0.0
ISIC_0011102,0.0,0.06532663316582915,0.0,0.0,0.0
ISIC_0011107,0.0,0.150559511698881,0.0,0.0,0.0
ISIC_0011110,0.0,0.0040650406504065045,0.012195121951219513,0.0,0.0
ISIC_0011112,1.0,0.0,0.0,0.0,0.0
ISIC_0011114,0.0,0.008105369807497468,0.0,0.0,0.0070921985815602835
ISIC_0011115,0.0,0.0,0.0,0.0,0.0
ISIC_0011117,0.0,0.0,0.0,0.0,0.0
ISIC_0011118,1.0,0.0,0.0,0.0,0.0
ISIC_0011119,0.0,0.0,0.0,0.0,0.0
ISIC_0011121,1.0,0.052313883299798795,0.0,0.0,0.0
ISIC_0011123,0.0,0.02920443101711984,0.0,0.005035246727089627,0.0
ISIC_0011124,0.0,0.16565656565656567,0.0,0.0,0.0
ISIC_0011126,1.0,0.034274193548387094,0.0,0.0,0.04939516129032258
ISIC_0011127,0.0,0.02014098690835851,0.0,0.0,0.0
ISIC_0011130,1.0,0.035175879396984924,0.0,0.0,0.0
ISIC_0011131,0.0,0.06626506024096386,0.0,0.0,0.0
ISIC_0011132,1.0,0.008072653884964682,0.0,0.0,0.0
ISIC_0011135,1.0,0.04934541792547835,0.0,0.0,0.0
ISIC_0011136,1.0,0.0,0.0,0.004048582995951417,0.0
ISIC_0011137,1.0,0.032160804020100506,0.034170854271356785,0.003015075376884422,0.0
ISIC_0011140,1.0,0.0,0.0,0.0,0.0
ISIC_0011143,0.0,0.0,0.0,0.0,0.0
ISIC_0011144,0.0,0.011178861788617886,0.0,0.0,0.0
ISIC_0011145,0.0,0.10362173038229376,0.0,0.007042253521126761,0.0
ISIC_0011146,0.0,0.0,0.0,0.0,0.0
ISIC_0011155,0.0,0.10140562248995984,0.0,0.0,0.0
ISIC_0011157,0.0,0.0,0.0,0.007028112449799197,0.0
ISIC_0011158,1.0,0.023138832997987926,0.004024144869215292,0.0,0.0
ISIC_0011159,0.0,0.0,0.0,0.0,0.0
ISIC_0011161,1.0,0.016129032258064516,0.08870967741935484,0.0030241935483870967,0.0
ISIC_0011162,0.0,0.0,0.0,0.0,0.0
ISIC_0011163,1.0,0.015136226034308779,0.0,0.0,0.0
ISIC_0011164,0.0,0.02208835341365462,0.0,0.0,0.0
ISIC_0011165,0.0,0.2313131313131313,0.0,0.0,0.0
ISIC_0011166,1.0,0.01710261569416499,0.0,0.0,0.0
ISIC_0011167,0.0,0.010070493454179255,0.07250755287009064,0.0,0.0
ISIC_0011168,0.0,0.01606425702811245,0.0,0.0,0.0
ISIC_0011169,1.0,0.05953582240161453,0.0,0.0,0.0
ISIC_0011170,0.0,0.026236125126135216,0.0,0.006054490413723511,0.0
ISIC_0011171,0.0,0.0,0.0,0.011122345803842264,0.0
ISIC_0011173,0.0,0.004032258064516129,0.0,0.0020161290322580645,0.0
ISIC_0011176,1.0,0.02416918429003021,0.0,0.0,0.0
ISIC_0011177,0.0,0.3065989847715736,0.0,0.0,0.0
ISIC_0011199,0.0,0.0,0.0,0.0,0.0
ISIC_0011203,0.0,0.0,0.0,0.0,0.0
ISIC_0011204,0.0,0.008040201005025126,0.0,0.0010050251256281408,0.0
ISIC_0011205,0.0,0.007035175879396985,0.0,0.0,0.0
ISIC_0011207,0.0,0.0,0.0,0.0,0.0
ISIC_0011208,0.0,0.007056451612903226,0.0,0.0,0.0
ISIC_0011210,1.0,0.0,0.0,0.0,0.010101010101010102
ISIC_0011211,0.0,0.0,0.0,0.0,0.0
ISIC_0011212,0.0,0.2188449848024316,0.0,0.0,0.0
ISIC_0011213,0.0,0.0,0.0,0.0,0.0
ISIC_0011214,0.0,0.2938816449348044,0.0,0.0,0.055165496489468405
ISIC_0011215,0.0,0.0,0.0,0.0010050251256281408,0.0
ISIC_0011217,0.0,0.0,0.0,0.0,0.0
ISIC_0011218,0.0,0.0,0.0,0.0,0.0
ISIC_0011219,0.0,0.056451612903225805,0.0,0.0,0.0
ISIC_0011220,0.0,0.0,0.0,0.0,0.004016064257028112
ISIC_0011223,0.0,0.02414486921529175,0.005030181086519115,0.0,0.0
ISIC_0011224,0.0,0.00101010101010101,0.0,0.00202020202020202,0.0
ISIC_0011225,0.0,0.0,0.0,0.0,0.0
ISIC_0011227,0.0,0.0,0.0,0.0,0.0
ISIC_0011229,0.0,0.17303822937625754,0.0,0.01006036217303823,0.0
ISIC_0011230,0.0,0.08678102926337034,0.0,0.0,0.0
ISIC_0011292,0.0,0.08450704225352113,0.0,0.002012072434607646,0.0
ISIC_0011294,0.0,0.006036217303822937,0.0,0.0,0.0
ISIC_0011296,0.0,0.007049345417925478,0.0,0.0,0.0
ISIC_0011297,0.0,0.005035246727089627,0.0,0.002014098690835851,0.0
ISIC_0011298,0.0,0.007077856420626896,0.0,0.004044489383215369,0.024266936299292215
ISIC_0011300,0.0,0.027466937945066123,0.0,0.001017293997965412,0.0
ISIC_0011303,0.0,0.0,0.0,0.002008032128514056,0.0
ISIC_0011304,0.0,0.0010030090270812437,0.0,0.0010030090270812437,0.0
ISIC_0011305,1.0,0.0,0.0,0.0,0.0
ISIC_0011306,0.0,0.06934673366834171,0.0,0.006030150753768844,0.0
ISIC_0011310,0.0,0.0,0.026236125126135216,0.008072653884964682,0.0
ISIC_0011315,1.0,0.0,0.0,0.005030181086519115,0.0
ISIC_0011317,0.0,0.0,0.016145307769929364,0.0,0.0
ISIC_0011321,0.0,0.008056394763343404,0.038267875125881166,0.007049345417925478,0.008056394763343404
ISIC_0011322,0.0,0.0,0.05025125628140704,0.004020100502512563,0.0
ISIC_0011324,0.0,0.0,0.0320962888665998,0.003009027081243731,0.0
ISIC_0011326,0.0,0.025278058645096056,0.005055611729019211,0.0,0.0
ISIC_0011327,0.0,0.0,0.0,0.016210739614994935,0.0
ISIC_0011328,0.0,0.0,0.006048387096774193,0.0,0.015120967741935484
ISIC_0011330,0.0,0.012072434607645875,0.0,0.002012072434607646,0.0
ISIC_0011333,0.0,0.18413021363173956,0.0,0.0,0.0
ISIC_0011336,0.0,0.044310171198388724,0.0,0.0,0.0
ISIC_0011338,0.0,0.0655241935483871,0.0,0.0030241935483870967,0.0
ISIC_0011339,0.0,0.18255578093306288,0.0,0.0,0.0
ISIC_0011343,0.0,0.012060301507537688,0.0,0.0,0.0
ISIC_0011344,1.0,0.0,0.0,0.0,0.0
ISIC_0011345,0.0,0.047474747474747475,0.0,0.00101010101010101,0.0
ISIC_0011347,0.0,0.21169354838709678,0.0,0.0,0.0
ISIC_0011348,1.0,0.09576612903225806,0.0,0.0,0.0
ISIC_0011349,1.0,0.0,0.0,0.052525252525252523,0.0
ISIC_0011352,0.0,0.26961770623742454,0.0,0.0,0.0
ISIC_0011353,0.0,0.04838709677419355,0.0,0.0,0.0
ISIC_0011358,0.0,0.020100502512562814,0.0,0.0,0.0
ISIC_0011359,0.0,0.020181634712411706,0.0,0.0,0.0
ISIC_0011361,0.0,0.059415911379657606,0.0,0.0,0.0
ISIC_0011362,0.0,0.006036217303822937,0.0,0.0,0.0
ISIC_0011363,0.0,0.04924623115577889,0.0,0.0,0.0
ISIC_0011366,1.0,0.2512613521695257,0.0,0.0,0.0
ISIC_0011367,0.0,0.02119071644803229,0.0,0.0,0.0
ISIC_0011372,0.0,0.011099899091826439,0.0,0.0,0.0
ISIC_0011382,0.0,0.19211324570273003,0.0,0.008088978766430738,0.0
ISIC_0011384,0.0,0.051515151515151514,0.0,0.0,0.0
ISIC_0011386,0.0,0.013091641490433032,0.0,0.0,0.0
ISIC_0011387,1.0,0.025303643724696356,0.0,0.0,0.0
ISIC_0011393,0.0,0.0,0.0,0.0,0.0
ISIC_0011397,0.0,0.0,0.0,0.0,0.0
ISIC_0011398,0.0,0.30885311871227367,0.0,0.0,0.0
ISIC_0011402,0.0,0.39919354838709675,0.0,0.038306451612903226,0.0
ISIC_0012089,0.0,0.0,0.0,0.0,0.0
ISIC_0012090,0.0,0.0,0.0,0.0,0.0
ISIC_0012094,0.0,0.01288404360753221,0.0,0.0,0.0
ISIC_0012097,0.0,0.0297029702970297,0.0,0.0,0.0
ISIC_0012102,0.0,0.0,0.0,0.010934393638170975,0.0
ISIC_0012103,0.0,0.0,0.0,0.0,0.0
ISIC_0012105,0.0,0.029644268774703556,0.0,0.0,0.0
ISIC_0012107,0.0,0.14356435643564355,0.0,0.0,0.0
ISIC_0012108,0.0,0.03956478733926805,0.0,0.0009891196834817012,0.0
ISIC_0012116,0.0,0.0,0.0,0.0,0.0
ISIC_0012117,0.0,0.0,0.0,0.02186878727634195,0.0
ISIC_0012118,0.0,0.010880316518298714,0.0,0.0,0.0
ISIC_0012135,0.0,0.014866204162537165,0.0,0.0,0.0
ISIC_0012137,1.0,0.015857284440039643,0.0,0.0019821605550049554,0.0
ISIC_0012141,0.0,0.0019743336623889436,0.0,0.0,0.0
ISIC_0012148,0.0,0.003964321110009911,0.0,0.013875123885034688,0.0
ISIC_0012150,0.0,0.020771513353115726,0.0,0.0,0.0
ISIC_0012155,0.0,0.0,0.0,0.0,0.0
ISIC_0012156,0.0,0.019801980198019802,0.0,0.0,0.0
ISIC_0012164,0.0,0.0029702970297029703,0.0,0.0,0.0
ISIC_0012167,0.0,0.0,0.0,0.0,0.0
ISIC_0012170,0.0,0.0,0.0,0.0,0.0
ISIC_0012172,0.0,0.0,0.0,0.0,0.0
ISIC_0012173,0.0,0.0,0.0,0.0,0.0
ISIC_0012175,0.0,0.023833167825223437,0.0,0.0,0.0
ISIC_0012177,0.0,0.017839444995044598,0.0,0.0,0.0
ISIC_0012179,0.0,0.0,0.0,0.0,0.0
ISIC_0012182,0.0,0.0,0.0,0.0,0.0
ISIC_0012183,0.0,0.0,0.0,0.0,0.0
ISIC_0012187,0.0,0.04,0.0,0.002,0.0
ISIC_0012203,0.0,0.0,0.0,0.0,0.005934718100890208
ISIC_0012205,0.0,0.03475670307845084,0.0,0.005958291956305859,0.0
ISIC_0012208,1.0,0.0,0.0,0.0,0.0
ISIC_0012209,0.0,0.0,0.0,0.0,0.0
ISIC_0012211,0.0,0.015857284440039643,0.0,0.006937561942517344,0.0
ISIC_0012212,0.0,0.0,0.0,0.0,0.0
ISIC_0012213,0.0,0.0,0.0,0.0,0.0
ISIC_0012214,0.0,0.0,0.0,0.0,0.0
ISIC_0012217,0.0,0.0,0.0,0.0,0.0
ISIC_0012224,0.0,0.0,0.0,0.0,0.0
ISIC_0012227,0.0,0.0,0.0,0.001976284584980237,0.0
ISIC_0012228,0.0,0.0,0.0,0.0009871668311944718,0.0
ISIC_0012230,0.0,0.005934718100890208,0.0,0.002967359050445104,0.0
ISIC_0012232,0.0,0.023692003948667325,0.0,0.0,0.0
ISIC_0012233,0.0,0.0,0.005934718100890208,0.0,0.010880316518298714
ISIC_0012235,0.0,0.0,0.0,0.004940711462450593,0.0
ISIC_0012237,0.0,0.017804154302670624,0.0,0.0,0.0
ISIC_0012238,0.0,0.0,0.0,0.0,0.0
ISIC_0012245,0.0,0.0,0.0,0.0,0.0
ISIC_0012246,0.0,0.0,0.0,0.0,0.0
ISIC_0012250,0.0,0.0,0.0,0.0,0.0
ISIC_0012253,0.0,0.0,0.0,0.0,0.0
ISIC_0012257,0.0,0.017804154302670624,0.0,0.0,0.0
ISIC_0012259,0.0,0.008919722497522299,0.0,0.0,0.0
ISIC_0012260,0.0,0.006951340615690168,0.0,0.0,0.0
ISIC_0012261,0.0,0.0,0.0,0.005934718100890208,0.0
ISIC_0012263,0.0,0.044466403162055336,0.0,0.0,0.0
ISIC_0012268,0.0,0.01288404360753221,0.0,0.0009910802775024777,0.0
ISIC_0012271,0.0,0.01579466929911155,0.0,0.0,0.0
ISIC_0012274,0.0,0.03773584905660377,0.0,0.0,0.0
ISIC_0012278,0.0,0.0,0.0,0.0,0.0
ISIC_0012281,0.0,0.0,0.0,0.0019743336623889436,0.0
ISIC_0012282,0.0,0.0,0.0,0.0,0.0
ISIC_0012284,0.0,0.13875123885034688,0.0,0.0,0.0
ISIC_0012285,0.0,0.0,0.0,0.0,0.0
ISIC_0012290,1.0,0.009891196834817012,0.10781404549950543,0.0,0.0
ISIC_0012291,0.0,0.0,0.0,0.0,0.0
ISIC_0012294,0.0,0.0,0.0,0.017769002961500493,0.0
ISIC_0012298,1.0,0.0,0.0,0.0,0.0
ISIC_0012299,0.0,0.0,0.0,0.0,0.0
ISIC_0012303,0.0,0.018793273986152326,0.0,0.0,0.0
ISIC_0012309,0.0,0.0039447731755424065,0.0,0.0009861932938856016,0.0
ISIC_0012311,0.0,0.004935834155972359,0.0,0.0,0.0
ISIC_0012318,0.0,0.0,0.011881188118811881,0.0,0.0
ISIC_0012320,0.0,0.04257425742574258,0.0,0.0,0.0
ISIC_0012322,0.0,0.019821605550049554,0.0,0.0,0.0
ISIC_0012324,0.0,0.0,0.0,0.0,0.0
ISIC_0012325,0.0,0.0,0.0,0.0,0.0
ISIC_0012329,0.0,0.0,0.0,0.0,0.0
ISIC_0012332,0.0,0.018830525272547076,0.0,0.0,0.0
ISIC_0012333,0.0,0.007905138339920948,0.0,0.0,0.0
ISIC_0012334,0.0,0.011869436201780416,0.0,0.0,0.0
ISIC_0012338,0.0,0.0,0.0,0.0,0.0
ISIC_0012339,0.0,0.14243027888446216,0.0,0.04780876494023904,0.0
ISIC_0012342,0.0,0.0,0.0,0.0,0.0
ISIC_0012348,1.0,0.0,0.0,0.0,0.0
ISIC_0012351,0.0,0.025691699604743084,0.0,0.0,0.0
ISIC_0012359,0.0,0.0,0.0,0.0,0.0
ISIC_0012360,0.0,0.04558969276511397,0.0,0.0009910802775024777,0.0
ISIC_0012363,0.0,0.0,0.0,0.0,0.0
ISIC_0012374,0.0,0.009881422924901186,0.0,0.0,0.0
ISIC_0012376,0.0,0.009940357852882704,0.0,0.0,0.0
ISIC_0012377,0.0,0.0,0.0,0.0,0.0
ISIC_0012378,0.0,0.006930693069306931,0.0,0.0,0.0
ISIC_0012379,0.0,0.0,0.0,0.0,0.0
ISIC_0012381,0.0,0.0,0.0,0.0,0.0
ISIC_0012382,1.0,0.10198019801980197,0.0,0.0039603960396039604,0.0
ISIC_0012384,0.0,0.0,0.0,0.0,0.0
ISIC_0012386,0.0,0.0,0.0,0.0,0.0
ISIC_0012390,0.0,0.0,0.0,0.0,0.0
ISIC_0012391,1.0,0.0,0.0,0.0,0.0
ISIC_0012397,0.0,0.0,0.0,0.0,0.0
ISIC_0012406,0.0,0.0,0.0,0.0,0.0
ISIC_0012413,0.0,0.0,0.00791295746785361,0.0,0.00791295746785361
ISIC_0012415,0.0,0.0,0.0,0.0009910802775024777,0.0
ISIC_0012416,0.0,0.0,0.0,0.0,0.0
ISIC_0012433,0.0,0.0,0.0,0.0009900990099009901,0.0
ISIC_0012435,1.0,0.0,0.0,0.0,0.0
ISIC_0012442,0.0,0.003964321110009911,0.0,0.0,0.0
ISIC_0012445,0.0,0.018793273986152326,0.0,0.0019782393669634025,0.0
ISIC_0012450,1.0,0.00691699604743083,0.0,0.0,0.003952569169960474
ISIC_0012452,0.0,0.0,0.0,0.0,0.0
ISIC_0012453,0.0,0.005934718100890208,0.0,0.0,0.0
ISIC_0012455,0.0,0.0,0.0,0.0,0.0
ISIC_0012459,0.0,0.0,0.0,0.0,0.0
ISIC_0012460,0.0,0.0019782393669634025,0.0,0.0,0.0
ISIC_0012464,0.0,0.0,0.0,0.0,0.0
ISIC_0012469,0.0,0.0,0.0,0.0,0.0
ISIC_0012473,0.0,0.0,0.0,0.0,0.0
ISIC_0012475,0.0,0.0,0.0,0.0029644268774703555,0.0
ISIC_0012478,0.0,0.0,0.0,0.0,0.0
ISIC_0012481,0.0,0.0,0.0,0.0,0.003956478733926805
ISIC_0012487,0.0,0.0,0.0,0.0,0.0
ISIC_0012489,0.0,0.0,0.0,0.0,0.0
ISIC_0012494,0.0,0.016798418972332016,0.0,0.0,0.0
ISIC_0012495,0.0,0.0,0.0,0.0,0.0
ISIC_0012496,0.0,0.0029615004935834156,0.0,0.0,0.0
ISIC_0012501,0.0,0.0,0.0,0.0,0.0
ISIC_0012503,0.0,0.0,0.0,0.0,0.0
ISIC_0012506,0.0,0.008902077151335312,0.0,0.0,0.0
ISIC_0012508,0.0,0.012845849802371542,0.0,0.0,0.0
ISIC_0012511,0.0,0.022727272727272728,0.0,0.0,0.0
ISIC_0012512,1.0,0.0,0.0,0.0,0.0
ISIC_0012516,0.0,0.0,0.0,0.0,0.0
ISIC_0012517,0.0,0.0,0.0,0.0,0.0
ISIC_0012518,0.0,0.0,0.0,0.0,0.0
ISIC_0012520,0.0,0.008884501480750246,0.0,0.0,0.0
ISIC_0012521,0.0,0.014792899408284023,0.0,0.0,0.0
ISIC_0012523,0.0,0.0,0.0,0.0,0.0
ISIC_0012526,0.0,0.0,0.0,0.004935834155972359,0.0
ISIC_0012527,0.0,0.007928642220019821,0.0,0.0,0.0
ISIC_0012529,0.0,0.003948667324777887,0.0,0.0009871668311944718,0.0
ISIC_0012539,0.0,0.013861386138613862,0.0,0.0,0.0
ISIC_0012543,0.0,0.0,0.0,0.0,0.0
ISIC_0012544,0.0,0.0009871668311944718,0.0,0.0,0.003948667324777887
ISIC_0012549,0.0,0.055666003976143144,0.0,0.0,0.0
ISIC_0012550,0.0,0.0,0.0,0.0,0.0
ISIC_0012653,0.0,0.02564102564102564,0.0,0.0,0.0
ISIC_0012655,0.0,0.005923000987166831,0.0,0.0019743336623889436,0.0
ISIC_0012657,0.0,0.0,0.0,0.0,0.0009861932938856016
ISIC_0012658,0.0,0.001976284584980237,0.009881422924901186,0.011857707509881422,0.0
ISIC_0012659,0.0,0.004930966469428008,0.0,0.0,0.0
ISIC_0012661,0.0,0.0,0.0,0.004940711462450593,0.0
ISIC_0012662,0.0,0.007889546351084813,0.0,0.0009861932938856016,0.0
ISIC_0012663,0.0,0.00893743793445879,0.0,0.0,0.0
ISIC_0012664,0.0,0.012845849802371542,0.0,0.0,0.0
ISIC_0012665,0.0,0.013861386138613862,0.0,0.0,0.0
ISIC_0012666,0.0,0.0,0.0,0.0,0.0
ISIC_0012669,0.0,0.0,0.0,0.0,0.0
ISIC_0012670,0.0,0.0,0.0,0.0,0.0
ISIC_0012671,0.0,0.0,0.0,0.0,0.0
ISIC_0012672,0.0,0.0,0.0,0.0,0.0
ISIC_0012673,0.0,0.0,0.0,0.0,0.0
ISIC_0012674,0.0,0.0,0.0,0.0,0.0
ISIC_0012675,0.0,0.020750988142292492,0.0,0.0,0.0
ISIC_0012676,0.0,0.014822134387351778,0.0,0.0,0.0
ISIC_0012677,0.0,0.01089108910891089,0.0,0.0,0.0
ISIC_0012678,1.0,0.0,0.0,0.0019801980198019802,0.0
ISIC_0012679,0.0,0.012974051896207584,0.0,0.001996007984031936,0.0
ISIC_0012680,0.0,0.03564356435643564,0.0,0.0,0.0
ISIC_0012681,0.0,0.01287128712871287,0.0,0.0,0.0
ISIC_0012682,0.0,0.003964321110009911,0.0,0.0,0.0
ISIC_0012683,0.0,0.002973240832507433,0.0,0.0,0.0
ISIC_0012685,0.0,0.03373015873015873,0.0,0.012896825396825396,0.0
ISIC_0012690,0.0,0.023715415019762844,0.0,0.0,0.0
ISIC_0012692,0.0,0.024777006937561942,0.0,0.0,0.0
ISIC_0012693,0.0,0.0,0.0,0.0,0.0
ISIC_0012696,0.0,0.0,0.0,0.0,0.0
ISIC_0012697,0.0,0.0,0.0,0.00791295746785361,0.0
ISIC_0012699,0.0,0.011857707509881422,0.0,0.0,0.0
ISIC_0012700,0.0,0.01782178217821782,0.0,0.0,0.0
ISIC_0012701,1.0,0.0,0.0,0.0,0.0
ISIC_0012702,0.0,0.0,0.0,0.0,0.0
ISIC_0012704,0.0,0.0,0.0,0.0,0.0
ISIC_0012706,0.0,0.0,0.0,0.0,0.0
ISIC_0012709,0.0,0.06515301085883514,0.0,0.024679170779861797,0.0
ISIC_0012710,0.0,0.0,0.0,0.0,0.0
ISIC_0012711,0.0,0.0,0.0,0.0,0.0
ISIC_0012713,0.0,0.0,0.0,0.0,0.0
ISIC_0012715,1.0,0.0,0.0,0.002967359050445104,0.0
ISIC_0012719,0.0,0.0,0.0,0.0,0.0
ISIC_0012721,0.0,0.0,0.044598612487611496,0.004955401387512388,0.0
ISIC_0012725,0.0,0.0,0.0,0.0,0.0
ISIC_0012726,0.0,0.0,0.0,0.0,0.0
ISIC_0012735,0.0,0.0,0.0,0.0,0.0
ISIC_0012737,0.0,0.0,0.0,0.0029615004935834156,0.0
ISIC_0012739,0.0,0.011892963330029732,0.0,0.0,0.0
ISIC_0012740,0.0,0.001976284584980237,0.0,0.0,0.0
ISIC_0012741,0.0,0.0009881422924901185,0.0,0.001976284584980237,0.0
ISIC_0012742,0.0,0.0,0.0,0.0,0.0
ISIC_0012744,0.0,0.0,0.0,0.0,0.0
ISIC_0012749,1.0,0.006958250497017893,0.0,0.0,0.0
ISIC_0012756,1.0,0.09504950495049505,0.0,0.01287128712871287,0.0
ISIC_0012768,0.0,0.0,0.016815034619188922,0.0,0.0
ISIC_0012770,0.0,0.003956478733926805,0.0,0.0,0.0
ISIC_0012772,0.0,0.0,0.0,0.0019782393669634025,0.0
ISIC_0012773,0.0,0.0,0.0,0.03373015873015873,0.0
ISIC_0012777,0.0,0.0009871668311944718,0.0,0.0,0.0
ISIC_0012785,0.0,0.0,0.0,0.009861932938856016,0.0
ISIC_0012787,0.0,0.030632411067193676,0.0,0.0,0.0
ISIC_0012788,0.0,0.0,0.0,0.0,0.0
ISIC_0012789,0.0,0.0,0.0,0.0,0.0
ISIC_0012790,0.0,0.0,0.0,0.006903353057199211,0.0
ISIC_0012792,0.0,0.0,0.0,0.0,0.0
ISIC_0012793,0.0,0.0,0.0,0.0,0.0
ISIC_0012800,0.0,0.0,0.0,0.010869565217391304,0.0
ISIC_0012804,0.0,0.015841584158415842,0.0049504950495049506,0.0,0.0
ISIC_0012806,0.0,0.0,0.0,0.0,0.0
ISIC_0012810,0.0,0.0019723865877712033,0.0,0.0,0.0
ISIC_0012811,0.0,0.0,0.0,0.012745098039215686,0.0
ISIC_0012813,0.0,0.0,0.0,0.002967359050445104,0.0
ISIC_0012814,0.0,0.0,0.0,0.0,0.0
ISIC_0012823,0.0,0.011834319526627219,0.0,0.0,0.0
ISIC_0012826,0.0,0.033797216699801194,0.0,0.0,0.0
ISIC_0012827,0.0,0.034653465346534656,0.0,0.0,0.0
ISIC_0012828,0.0,0.0,0.0,0.0019743336623889436,0.0
ISIC_0012833,0.0,0.0,0.0,0.0009881422924901185,0.0
ISIC_0012835,0.0,0.01684836471754212,0.0,0.0,0.0
ISIC_0012840,0.0,0.0,0.0,0.017786561264822136,0.0
ISIC_0012844,0.0,0.039761431411530816,0.0,0.002982107355864811,0.0
ISIC_0012845,0.0,0.0,0.0,0.0,0.0
ISIC_0012851,0.0,0.0,0.0,0.0019782393669634025,0.0
ISIC_0012854,0.0,0.0,0.0,0.0,0.0
ISIC_0012855,0.0,0.02584493041749503,0.0,0.004970178926441352,0.0
ISIC_0012856,0.0,0.0,0.0,0.0,0.0
ISIC_0012865,0.0,0.0,0.0,0.005917159763313609,0.0
ISIC_0012871,0.0,0.003948667324777887,0.0,0.0,0.0
ISIC_0012873,0.0,0.0039603960396039604,0.0,0.0,0.0
ISIC_0012877,0.0,0.0,0.0,0.003948667324777887,0.0
ISIC_0012878,0.0,0.0,0.0,0.00691699604743083,0.0
ISIC_0012879,0.0,0.0,0.0,0.0,0.0
ISIC_0012880,0.0,0.0,0.0,0.005958291956305859,0.0
ISIC_0012883,0.0,0.0,0.0,0.0,0.0
ISIC_0012884,0.0,0.003948667324777887,0.0,0.013820335636722606,0.0
ISIC_0012887,1.0,0.006930693069306931,0.0,0.0,0.0
ISIC_0012888,0.0,0.0,0.0,0.009900990099009901,0.0
ISIC_0012889,0.0,0.0,0.0,0.0,0.0
ISIC_0012891,0.0,0.0,0.0,0.0,0.0
ISIC_0012897,0.0,0.005964214711729622,0.0,0.0,0.0
ISIC_0012898,0.0,0.0,0.0,0.0,0.0
ISIC_0012901,0.0,0.036561264822134384,0.0,0.0,0.0
ISIC_0012902,0.0,0.01282051282051282,0.0,0.0,0.0
ISIC_0012905,0.0,0.022704837117472853,0.0,0.007897334649555774,0.0
ISIC_0012907,0.0,0.004935834155972359,0.0,0.003948667324777887,0.0
ISIC_0012911,0.0,0.007920792079207921,0.0,0.0,0.0
ISIC_0012930,1.0,0.02274975272007913,0.0,0.002967359050445104,0.0
ISIC_0012932,0.0,0.0,0.0,0.027695351137487636,0.0
ISIC_0012939,0.0,0.0,0.0,0.004930966469428008,0.0
ISIC_0012940,0.0,0.0,0.0,0.005928853754940711,0.0
ISIC_0012944,0.0,0.03747534516765286,0.0,0.0009861932938856016,0.0
ISIC_0012945,0.0,0.0,0.0,0.0009881422924901185,0.0
ISIC_0012949,0.0,0.0,0.0,0.0,0.0
ISIC_0012950,0.0,0.012845849802371542,0.0,0.00691699604743083,0.0
ISIC_0012952,0.0,0.0,0.0,0.0019743336623889436,0.0
ISIC_0012957,0.0,0.0,0.0,0.0019782393669634025,0.0
ISIC_0012961,0.0,0.037698412698412696,0.0,0.013888888888888888,0.0
ISIC_0012962,0.0,0.0,0.0,0.024727992087042534,0.0
ISIC_0012966,0.0,0.0,0.0,0.0,0.0
ISIC_0012969,0.0,0.0,0.0,0.0,0.0
ISIC_0012970,0.0,0.0,0.0,0.0,0.0
ISIC_0012976,0.0,0.0039447731755424065,0.0,0.0,0.0
ISIC_0012981,0.0,0.0,0.0,0.0,0.0
ISIC_0012982,0.0,0.009871668311944718,0.0,0.0029615004935834156,0.0
ISIC_0012986,0.0,0.0,0.0,0.001976284584980237,0.0
ISIC_0012987,0.0,0.0,0.0,0.003948667324777887,0.0
ISIC_0012988,1.0,0.006930693069306931,0.0019801980198019802,0.0,0.0
ISIC_0012990,1.0,0.005946481665014866,0.0009910802775024777,0.0,0.0
ISIC_0012998,0.0,0.0,0.0,0.021852237252861603,0.0
ISIC_0012999,0.0,0.08390918065153011,0.0,0.004935834155972359,0.0
ISIC_0013000,0.0,0.0,0.0,0.0,0.0
ISIC_0013001,0.0,0.0,0.0,0.0019743336623889436,0.0
ISIC_0013007,0.0,0.0,0.0,0.0,0.0
ISIC_0013012,0.0,0.0,0.0,0.0,0.0
ISIC_0013014,0.0,0.0,0.0,0.0009900990099009901,0.0
ISIC_0013015,0.0,0.0,0.003968253968253968,0.001984126984126984,0.0
ISIC_0013023,0.0,0.009891196834817012,0.0,0.0,0.0
ISIC_0013024,0.0,0.0,0.0,0.011892963330029732,0.0
ISIC_0013025,0.0,0.0,0.0,0.0,0.007889546351084813
ISIC_0013026,0.0,0.0,0.0,0.0,0.004935834155972359
ISIC_0013027,0.0,0.0,0.0,0.0,0.0
ISIC_0013031,0.0,0.002976190476190476,0.0,0.0,0.0
ISIC_0013032,0.0,0.03060217176702863,0.0,0.008884501480750246,0.0
ISIC_0013033,0.0,0.0,0.0,0.005958291956305859,0.0
ISIC_0013034,0.0,0.0,0.0,0.001976284584980237,0.0
ISIC_0013037,0.0,0.009871668311944718,0.0,0.0009871668311944718,0.0
ISIC_0013039,0.0,0.024703557312252964,0.0,0.0,0.0
ISIC_0013040,0.0,0.0,0.0,0.0,0.0
ISIC_0013044,0.0,0.006903353057199211,0.0,0.0,0.0
ISIC_0013047,0.0,0.08506429277942631,0.0,0.0,0.0
ISIC_0013048,0.0,0.0,0.0,0.0009861932938856016,0.0
ISIC_0013052,0.0,0.0,0.0,0.0,0.0
ISIC_0013053,0.0,0.0,0.0,0.0,0.0
ISIC_0013054,0.0,0.0,0.0,0.0009861932938856016,0.0
ISIC_0013055,0.0,0.0,0.0,0.0,0.0
ISIC_0013056,0.0,0.0,0.0,0.0,0.0
ISIC_0013059,0.0,0.0,0.0,0.0,0.0
ISIC_0013063,0.0,0.0,0.0,0.0,0.0
ISIC_0013065,0.0,0.0,0.0,0.0029615004935834156,0.0
ISIC_0013071,0.0,0.0,0.0,0.0,0.0
ISIC_0013075,0.0,0.0,0.0,0.0,0.0
ISIC_0013079,1.0,0.09198813056379822,0.0,0.003956478733926805,0.0
ISIC_0013080,0.0,0.001998001998001998,0.0,0.0,0.0
ISIC_0013084,0.0,0.05946481665014866,0.0,0.026759167492566897,0.0
ISIC_0013086,0.0,0.022817460317460316,0.0,0.0,0.0
ISIC_0013087,0.0,0.016881827209533268,0.0,0.0009930486593843098,0.0
ISIC_0013088,0.0,0.0,0.0,0.0,0.0
ISIC_0013089,0.0,0.0,0.0,0.0029615004935834156,0.0
ISIC_0013090,0.0,0.0,0.0,0.003952569169960474,0.0
ISIC_0013092,0.0,0.0,0.0,0.019801980198019802,0.0
ISIC_0013094,0.0,0.009910802775024777,0.0,0.0,0.0
ISIC_0013096,0.0,0.07242063492063493,0.0,0.0,0.0
ISIC_0013097,0.0,0.0,0.003968253968253968,0.0,0.0
ISIC_0013106,0.0,0.0,0.0,0.0,0.0
ISIC_0013112,0.0,0.025793650793650792,0.0,0.002976190476190476,0.0
ISIC_0013114,0.0,0.0,0.0,0.0009940357852882703,0.0
ISIC_0013118,0.0,0.019801980198019802,0.0,0.0,0.0
ISIC_0013120,0.0,0.0,0.0,0.0009871668311944718,0.0
ISIC_0013121,0.0,0.0,0.0,0.0,0.0
ISIC_0013124,0.0,0.0,0.0,0.0029585798816568047,0.0
ISIC_0013126,0.0,0.0009861932938856016,0.0,0.004930966469428008,0.0
ISIC_0013129,0.0,0.0,0.0,0.003972194637537239,0.0
ISIC_0013134,0.0,0.0,0.0,0.007889546351084813,0.0
ISIC_0013136,0.0,0.021739130434782608,0.0,0.005928853754940711,0.0
ISIC_0013140,0.0,0.004935834155972359,0.0,0.005923000987166831,0.0
ISIC_0013141,1.0,0.0,0.0,0.0019880715705765406,0.0
ISIC_0013146,0.0,0.0,0.0,0.0,0.0
ISIC_0013147,0.0,0.018849206349206348,0.0,0.0,0.00496031746031746
ISIC_0013150,0.0,0.0,0.0,0.00791295746785361,0.0
ISIC_0013155,0.0,0.0,0.0,0.0029644268774703555,0.0
ISIC_0013160,0.0,0.004930966469428008,0.0,0.0019723865877712033,0.0
ISIC_0013163,0.0,0.0,0.0,0.0029644268774703555,0.0
ISIC_0013165,0.0,0.0,0.0,0.004935834155972359,0.0
ISIC_0013166,0.0,0.0,0.0,0.024727992087042534,0.0
ISIC_0013167,0.0,0.0,0.0,0.011857707509881422,0.0
ISIC_0013172,0.0,0.0,0.0,0.005923000987166831,0.003948667324777887
ISIC_0013173,0.0,0.005917159763313609,0.0,0.0,0.0
ISIC_0013174,0.0,0.0,0.0,0.0,0.0
ISIC_0013177,0.0,0.0,0.0,0.0,0.0
ISIC_0013178,0.0,0.0,0.0,0.0,0.0
ISIC_0013181,0.0,0.0,0.0,0.0,0.0
ISIC_0013184,1.0,0.09970384995064166,0.0,0.012833168805528134,0.0
ISIC_0013187,0.0,0.008902077151335312,0.0,0.0009891196834817012,0.0
ISIC_0013189,0.0,0.0,0.0,0.00691699604743083,0.0
ISIC_0013190,0.0,0.004930966469428008,0.0,0.0,0.0
ISIC_0013192,0.0,0.013861386138613862,0.0,0.0,0.0
ISIC_0013193,0.0,0.0,0.0,0.0009900990099009901,0.0
ISIC_0013196,0.0,0.0,0.0,0.0,0.0
ISIC_0013197,0.0,0.0,0.0,0.0,0.0
ISIC_0013198,1.0,0.003956478733926805,0.0,0.0,0.0
ISIC_0013200,0.0,0.0,0.0,0.003948667324777887,0.0
ISIC_0013201,0.0,0.0,0.0,0.0,0.0
ISIC_0013204,0.0,0.004970178926441352,0.0,0.0,0.0
ISIC_0013205,0.0,0.027640671273445213,0.0,0.0,0.0
ISIC_0013207,0.0,0.0,0.0,0.003948667324777887,0.0
ISIC_0013208,0.0,0.0,0.0,0.0,0.0
ISIC_0013212,0.0,0.0,0.0,0.0,0.0
ISIC_0013213,0.0,0.0,0.0,0.0,0.0
ISIC_0013217,0.0,0.007897334649555774,0.0,0.0,0.0
ISIC_0013219,0.0,0.0,0.0,0.0029615004935834156,0.0
ISIC_0013220,0.0,0.006923837784371909,0.0,0.0,0.0
ISIC_0013222,0.0,0.022682445759368838,0.0,0.0019723865877712033,0.0
ISIC_0013223,0.0,0.0,0.0,0.003952569169960474,0.0
ISIC_0013224,0.0,0.006903353057199211,0.0,0.0,0.0
ISIC_0013227,0.0,0.0,0.0,0.0,0.0
ISIC_0013229,0.0,0.024727992087042534,0.0,0.006923837784371909,0.0
ISIC_0013233,0.0,0.002973240832507433,0.0,0.0019821605550049554,0.0
ISIC_0013235,0.0,0.0,0.0,0.0019801980198019802,0.0
ISIC_0013236,0.0,0.0,0.0,0.0,0.0
ISIC_0013238,0.0,0.03260869565217391,0.0,0.0009881422924901185,0.0
ISIC_0013243,0.0,0.0,0.0,0.0,0.0
ISIC_0013244,0.0,0.036561264822134384,0.0,0.029644268774703556,0.0
ISIC_0013248,0.0,0.006951340615690168,0.0,0.0009930486593843098,0.0
ISIC_0013249,0.0,0.010848126232741617,0.0,0.0,0.0
ISIC_0013257,0.0,0.011869436201780416,0.0,0.0,0.0
ISIC_0013258,1.0,0.011857707509881422,0.0,0.0,0.0
ISIC_0013268,0.0,0.0,0.0,0.007905138339920948,0.0
ISIC_0013274,0.0,0.005923000987166831,0.0,0.0009871668311944718,0.0
ISIC_0013275,0.0,0.005928853754940711,0.0,0.0,0.0
ISIC_0013287,0.0,0.009881422924901186,0.0,0.0,0.0
ISIC_0013288,0.0,0.005928853754940711,0.0,0.004940711462450593,0.0
ISIC_0013294,0.0,0.03359683794466403,0.0,0.0,0.0
ISIC_0013302,0.0,0.0019782393669634025,0.0,0.0,0.0
ISIC_0013304,0.0,0.0019743336623889436,0.0,0.0,0.0
ISIC_0013306,0.0,0.0,0.0,0.0,0.0
ISIC_0013310,0.0,0.0,0.0,0.0,0.0
ISIC_0013311,0.0,0.0,0.006923837784371909,0.0,0.005934718100890208
ISIC_0013314,0.0,0.012845849802371542,0.0,0.0,0.0
ISIC_0013315,0.0,0.0,0.0,0.0,0.0
ISIC_0013316,0.0,0.0,0.0,0.0,0.0
ISIC_0013320,0.0,0.01579466929911155,0.0,0.003948667324777887,0.0
ISIC_0013326,0.0,0.008902077151335312,0.0,0.0,0.0
ISIC_0013329,0.0,0.017769002961500493,0.0,0.0,0.0
ISIC_0013330,0.0,0.010869565217391304,0.0,0.0029644268774703555,0.0
ISIC_0013333,0.0,0.0,0.0,0.0,0.0
ISIC_0013334,1.0,0.0,0.0,0.0,0.0
ISIC_0013335,0.0,0.0,0.0,0.02766798418972332,0.0
ISIC_0013340,0.0,0.0,0.0,0.0,0.0
ISIC_0013341,0.0,0.0,0.0,0.0,0.0
ISIC_0013342,0.0,0.0,0.0,0.0,0.0
ISIC_0013346,0.0,0.0,0.0,0.0,0.0
ISIC_0013355,0.0,0.0,0.0,0.001984126984126984,0.0
ISIC_0013356,0.0,0.006944444444444444,0.0,0.000992063492063492,0.0
ISIC_0013359,1.0,0.03747534516765286,0.0,0.0,0.0
ISIC_0013360,0.0,0.0,0.0,0.005934718100890208,0.0
ISIC_0013364,0.0,0.0,0.0,0.003948667324777887,0.0
ISIC_0013365,1.0,0.0,0.0,0.0,0.0
ISIC_0013369,0.0,0.0,0.0,0.0,0.0
ISIC_0013370,0.0,0.0,0.0,0.004940711462450593,0.0
ISIC_0013371,0.0,0.0,0.0,0.0009861932938856016,0.0
ISIC_0013378,0.0,0.01483679525222552,0.0,0.0,0.0
ISIC_0013383,0.0,0.0,0.0,0.0009881422924901185,0.0
ISIC_0013385,0.0,0.08300395256916997,0.0,0.0029644268774703555,0.0
ISIC_0013390,0.0,0.0,0.0,0.0,0.0
ISIC_0013394,0.0,0.0,0.0,0.0,0.0
ISIC_0013395,0.0,0.0,0.003952569169960474,0.0029644268774703555,0.0
ISIC_0013397,0.0,0.0,0.0,0.00891089108910891,0.0
ISIC_0013398,0.0,0.008884501480750246,0.0,0.0,0.0
ISIC_0013400,0.0,0.0,0.0,0.0,0.0
ISIC_0013403,0.0,0.0,0.008902077151335312,0.0,0.0
ISIC_0013405,0.0,0.0,0.0,0.012896825396825396,0.0
ISIC_0013409,0.0,0.0,0.0,0.0,0.0
ISIC_0013410,0.0,0.0,0.0,0.0019743336623889436,0.0
ISIC_0013417,0.0,0.010880316518298714,0.0,0.0,0.0
ISIC_0013423,0.0,0.0,0.0,0.0,0.0
ISIC_0013424,0.0,0.0,0.0,0.0,0.0
ISIC_0013425,0.0,0.0,0.02171767028627838,0.0,0.0
ISIC_0013427,1.0,0.0,0.0,0.0,0.0
ISIC_0013428,0.0,0.01383399209486166,0.0,0.039525691699604744,0.0
ISIC_0013429,1.0,0.0,0.0,0.0,0.0
ISIC_0013430,0.0,0.0,0.0,0.007905138339920948,0.0
ISIC_0013432,0.0,0.01383399209486166,0.0,0.005928853754940711,0.0
ISIC_0013433,0.0,0.0,0.0,0.0009881422924901185,0.0
ISIC_0013434,0.0,0.023715415019762844,0.0,0.0,0.0
ISIC_0013437,0.0,0.0,0.0,0.02865612648221344,0.0
ISIC_0013438,0.0,0.0,0.0,0.0,0.0
ISIC_0013443,0.0,0.0,0.0,0.0,0.0
ISIC_0013456,0.0,0.0,0.0,0.0,0.0
ISIC_0013458,0.0,0.0,0.0,0.004945598417408506,0.0
ISIC_0013461,0.0,0.0,0.0,0.0,0.0
ISIC_0013474,0.0,0.0,0.0,0.0,0.0
ISIC_0013480,0.0,0.0029615004935834156,0.0,0.0,0.0
ISIC_0013486,0.0,0.01775147928994083,0.0,0.0029585798816568047,0.0
ISIC_0013487,0.0,0.004930966469428008,0.0,0.004930966469428008,0.0
ISIC_0013488,0.0,0.004935834155972359,0.0,0.0019743336623889436,0.0
ISIC_0013489,0.0,0.00791295746785361,0.0,0.005934718100890208,0.0
ISIC_0013490,1.0,0.001976284584980237,0.0,0.0,0.0
ISIC_0013492,0.0,0.01085883514313919,0.0,0.0,0.0
ISIC_0013493,0.0,0.005923000987166831,0.0029615004935834156,0.004935834155972359,0.0
ISIC_0013494,0.0,0.0297029702970297,0.0,0.0,0.0
ISIC_0013495,0.0,0.02178217821782178,0.0,0.0049504950495049506,0.0
ISIC_0013497,1.0,0.0,0.0,0.0,0.0
ISIC_0013498,0.0,0.004930966469428008,0.0,0.0,0.0
ISIC_0013499,1.0,0.006910167818361303,0.0,0.011846001974333662,0.0
ISIC_0013500,1.0,0.004935834155972359,0.0,0.0019743336623889436,0.0
ISIC_0013516,0.0,0.0,0.0,0.0,0.0
ISIC_0013517,0.0,0.004945598417408506,0.0,0.0,0.0
ISIC_0013523,0.0,0.01488095238095238,0.0,0.0,0.0
ISIC_0013525,1.0,0.006930693069306931,0.0,0.0,0.0
ISIC_0013526,0.0,0.007905138339920948,0.0,0.0,0.0
ISIC_0013530,1.0,0.0,0.0,0.0,0.0
ISIC_0013552,0.0,0.0,0.0,0.0029644268774703555,0.0
ISIC_0013553,0.0,0.07707509881422925,0.0,0.0,0.0
ISIC_0013554,0.0,0.014822134387351778,0.0,0.0,0.0
ISIC_0013558,0.0,0.0,0.0,0.0009891196834817012,0.0
ISIC_0013559,0.0,0.017804154302670624,0.0,0.003956478733926805,0.0
ISIC_0013567,1.0,0.004930966469428008,0.0,0.0,0.0
ISIC_0013568,0.0,0.0019801980198019802,0.0,0.0,0.0
ISIC_0013572,1.0,0.0,0.02277227722772277,0.0,0.0
ISIC_0013573,1.0,0.016798418972332016,0.0,0.0,0.0
ISIC_0013578,1.0,0.0,0.0,0.0,0.0
ISIC_0013579,1.0,0.007905138339920948,0.0,0.007905138339920948,0.0
ISIC_0013580,0.0,0.0,0.0,0.0,0.0
ISIC_0013581,1.0,0.0,0.0,0.0,0.0
ISIC_0013584,0.0,0.0,0.0,0.01582591493570722,0.0
ISIC_0013585,0.0,0.0,0.0,0.0,0.0
ISIC_0013592,0.0,0.0,0.0,0.0,0.0
ISIC_0013594,1.0,0.007905138339920948,0.058300395256917,0.0,0.0
ISIC_0013595,0.0,0.004945598417408506,0.0,0.0,0.0
ISIC_0013596,0.0,0.003964321110009911,0.0,0.0,0.0
ISIC_0013597,0.0,0.004945598417408506,0.0,0.0,0.0
ISIC_0013599,0.0,0.0,0.0,0.0,0.0
ISIC_0013601,0.0,0.00691699604743083,0.0,0.0,0.0
ISIC_0013603,0.0,0.0009871668311944718,0.0,0.0,0.0
ISIC_0013606,1.0,0.00791295746785361,0.0,0.0,0.0
ISIC_0013610,1.0,0.0,0.0,0.0,0.0
ISIC_0013618,1.0,0.0049504950495049506,0.0,0.01485148514851485,0.0
ISIC_0013621,0.0,0.0,0.0,0.011857707509881422,0.0
ISIC_0013625,0.0,0.0,0.0,0.0,0.0
ISIC_0013626,1.0,0.11451135241855874,0.0,0.028627838104639685,0.0
ISIC_0013634,1.0,0.0029644268774703555,0.0,0.0,0.0
ISIC_0013635,0.0,0.0,0.0,0.002982107355864811,0.0
ISIC_0013639,1.0,0.0029644268774703555,0.0,0.001976284584980237,0.0
ISIC_0013643,0.0,0.0,0.0,0.0,0.0
ISIC_0013652,1.0,0.0,0.0,0.0,0.0
ISIC_0013656,0.0,0.007905138339920948,0.0,0.0,0.0
ISIC_0013664,0.0,0.008884501480750246,0.0,0.0,0.0
ISIC_0013667,0.0,0.038461538461538464,0.0,0.0,0.0
ISIC_0013670,0.0,0.001976284584980237,0.0,0.0,0.0
ISIC_0013671,1.0,0.0,0.0631786771964462,0.0,0.0
ISIC_0013672,1.0,0.0029585798816568047,0.0,0.028599605522682446,0.0
ISIC_0013674,1.0,0.07996051332675222,0.0,0.0,0.0
ISIC_0013675,0.0,0.0,0.0,0.0,0.0
ISIC_0013676,0.0,0.0,0.0,0.0,0.0
ISIC_0013680,0.0,0.0,0.0,0.0,0.0
ISIC_0013682,0.0,0.0,0.0,0.001984126984126984,0.0
ISIC_0013684,0.0,0.0,0.0,0.013861386138613862,0.0
ISIC_0013685,0.0,0.0,0.0,0.060396039603960394,0.0
ISIC_0013687,0.0,0.0,0.0,0.0,0.0
ISIC_0013688,0.0,0.0,0.0,0.0009871668311944718,0.0
ISIC_0013689,0.0,0.004930966469428008,0.0,0.0,0.0
ISIC_0013690,0.0,0.005917159763313609,0.0,0.0,0.0
ISIC_0013691,0.0,0.0,0.0,0.013847675568743818,0.0
ISIC_0013695,0.0,0.018756169792694965,0.0,0.0,0.0
ISIC_0013706,0.0,0.0,0.0,0.0019723865877712033,0.0
ISIC_0013707,0.0,0.0,0.0,0.0,0.0
ISIC_0013709,0.0,0.0,0.0,0.004935834155972359,0.0
ISIC_0013712,0.0,0.0,0.0,0.0,0.0
ISIC_0013713,0.0,0.0,0.0,0.0,0.0
ISIC_0013719,0.0,0.02574257425742574,0.0,0.0,0.0
ISIC_0013721,0.0,0.0,0.0,0.0,0.0
ISIC_0013725,0.0,0.0,0.0,0.0,0.0
ISIC_0013731,0.0,0.0,0.0,0.0019723865877712033,0.0
ISIC_0013737,0.0,0.008902077151335312,0.0,0.0,0.0
ISIC_0013740,1.0,0.0019821605550049554,0.0,0.0,0.0
ISIC_0013742,0.0,0.0,0.0,0.0,0.0
ISIC_0013747,0.0,0.005917159763313609,0.0,0.0039447731755424065,0.0
ISIC_0013748,0.0,0.011857707509881422,0.0,0.0029644268774703555,0.0
ISIC_0013749,0.0,0.008893280632411068,0.0,0.0,0.0
ISIC_0013758,0.0,0.006910167818361303,0.0,0.012833168805528134,0.0
ISIC_0013762,1.0,0.0,0.0,0.0,0.0
ISIC_0013765,0.0,0.0,0.0,0.0,0.0
ISIC_0013772,0.0,0.02274975272007913,0.0,0.0,0.0
ISIC_0013775,1.0,0.017769002961500493,0.0,0.0,0.0
ISIC_0013777,1.0,0.0,0.0,0.0,0.0
ISIC_0013778,0.0,0.029585798816568046,0.0,0.005917159763313609,0.0
ISIC_0013782,0.0,0.0,0.0,0.009881422924901186,0.0
ISIC_0013783,1.0,0.02566633761105627,0.0,0.0,0.0
ISIC_0013789,0.0,0.006930693069306931,0.0,0.0,0.0
ISIC_0013792,0.0,0.0029585798816568047,0.0,0.007889546351084813,0.0
ISIC_0013795,0.0,0.003956478733926805,0.0,0.0,0.0
ISIC_0013796,0.0,0.0,0.0,0.0,0.0
ISIC_0013797,0.0,0.0,0.0,0.016765285996055226,0.0
ISIC_0013798,0.0,0.004930966469428008,0.0,0.0,0.0
ISIC_0013799,0.0,0.0,0.0,0.0,0.0
ISIC_0013800,0.0,0.0,0.0,0.0,0.0
ISIC_0013801,0.0,0.03260869565217391,0.0,0.0,0.0
ISIC_0013802,0.0,0.0,0.0,0.0,0.0
ISIC_0013803,0.0,0.0,0.0,0.0,0.0
ISIC_0013804,0.0,0.006930693069306931,0.0,0.0,0.0
ISIC_0013805,0.0,0.01483679525222552,0.0,0.002967359050445104,0.0
ISIC_0013806,0.0,0.0039447731755424065,0.0,0.0,0.0
ISIC_0013807,0.0,0.007920792079207921,0.0,0.0,0.0
ISIC_0013808,0.0,0.008884501480750246,0.0,0.0,0.0
ISIC_0013815,1.0,0.0,0.0,0.0039603960396039604,0.0
ISIC_0013816,0.0,0.0,0.0,0.0,0.0
ISIC_0013817,0.0,0.0,0.0,0.003956478733926805,0.0
ISIC_0013819,0.0,0.0,0.0,0.0009881422924901185,0.0
ISIC_0013830,0.0,0.007905138339920948,0.0,0.001976284584980237,0.0
ISIC_0013831,1.0,0.00691699604743083,0.0,0.001976284584980237,0.0
ISIC_0013832,1.0,0.011869436201780416,0.0,0.0,0.0
ISIC_0013835,0.0,0.0,0.0,0.0,0.0
ISIC_0013836,0.0,0.0,0.0,0.0,0.0
ISIC_0013837,0.0,0.0,0.0,0.0009891196834817012,0.006923837784371909
ISIC_0013839,1.0,0.0,0.0,0.0,0.0
ISIC_0013840,1.0,0.0,0.0,0.0009871668311944718,0.0
ISIC_0013841,0.0,0.0,0.0,0.005946481665014866,0.0
ISIC_0013843,0.0,0.0,0.0,0.0049504950495049506,0.0
ISIC_0013844,1.0,0.0,0.0,0.004970178926441352,0.0
ISIC_0013845,1.0,0.0,0.0,0.0,0.0
ISIC_0013861,1.0,0.04339250493096647,0.0,0.0039447731755424065,0.0
ISIC_0013862,0.0,0.021739130434782608,0.0,0.009881422924901186,0.0
ISIC_0013864,0.0,0.0,0.0,0.0,0.0
ISIC_0013865,1.0,0.007897334649555774,0.0,0.0,0.0
ISIC_0013874,1.0,0.23663366336633662,0.0,0.0,0.0
ISIC_0013876,0.0,0.0,0.0,0.007905138339920948,0.0
ISIC_0013879,0.0,0.0,0.0,0.0,0.0
ISIC_0013886,0.0,0.014822134387351778,0.0,0.0,0.0
ISIC_0013888,0.0,0.0,0.0,0.0,0.0
ISIC_0013890,0.0,0.0,0.0,0.01485148514851485,0.0
ISIC_0013896,0.0,0.00691699604743083,0.0,0.004940711462450593,0.0
ISIC_0013910,0.0,0.0,0.0,0.0039603960396039604,0.0
ISIC_0013918,0.0,0.0,0.0,0.015810276679841896,0.0
ISIC_0013921,0.0,0.02073050345508391,0.0,0.0,0.0
ISIC_0013922,0.0,0.0029615004935834156,0.0,0.0019743336623889436,0.0
ISIC_0013927,0.0,0.0,0.0,0.005928853754940711,0.0
ISIC_0013929,0.0,0.004930966469428008,0.0,0.008875739644970414,0.0
ISIC_0013933,0.0,0.004955401387512388,0.0,0.006937561942517344,0.0
ISIC_0013935,0.0,0.0,0.0,0.0,0.0
ISIC_0013936,1.0,0.0019801980198019802,0.0,0.0009900990099009901,0.0
ISIC_0013942,0.0,0.020792079207920793,0.0,0.0029702970297029703,0.0
ISIC_0013946,0.0,0.008884501480750246,0.0,0.011846001974333662,0.0
ISIC_0013958,0.0,0.0,0.0,0.0,0.0
ISIC_0013961,0.0,0.0,0.0,0.0009861932938856016,0.0
ISIC_0013962,0.0,0.005923000987166831,0.0,0.0,0.0
ISIC_0013965,0.0,0.0,0.0,0.00496031746031746,0.0
ISIC_0013967,0.0,0.0,0.005940594059405941,0.01089108910891089,0.0
ISIC_0013969,1.0,0.0039447731755424065,0.0,0.0,0.0
ISIC_0013970,0.0,0.003952569169960474,0.0,0.0,0.0
ISIC_0013971,0.0,0.0,0.0,0.0,0.0
ISIC_0013972,1.0,0.011846001974333662,0.0,0.0009871668311944718,0.0
ISIC_0013975,1.0,0.0,0.0,0.001990049751243781,0.0
ISIC_0013980,0.0,0.0,0.0,0.004935834155972359,0.0
ISIC_0013981,0.0,0.0,0.0,0.0,0.0
ISIC_0013982,0.0,0.0,0.0,0.0,0.0
ISIC_0013983,0.0,0.00791295746785361,0.0,0.0,0.0
ISIC_0013984,1.0,0.0605759682224429,0.003972194637537239,0.024826216484607744,0.0
ISIC_0013986,1.0,0.001984126984126984,0.0,0.001984126984126984,0.0
ISIC_0013995,1.0,0.019743336623889437,0.0019743336623889436,0.0,0.0
ISIC_0013996,0.0,0.008902077151335312,0.0,0.008902077151335312,0.0
ISIC_0013997,1.0,0.020792079207920793,0.0,0.009900990099009901,0.0
ISIC_0014001,0.0,0.0,0.0,0.016815034619188922,0.0
ISIC_0014004,0.0,0.0,0.0,0.017839444995044598,0.0
ISIC_0014013,1.0,0.05643564356435644,0.031683168316831684,0.0,0.0
ISIC_0014026,0.0,0.0,0.0,0.00791295746785361,0.0
ISIC_0014028,0.0,0.0,0.0,0.006910167818361303,0.0
ISIC_0014029,0.0,0.0,0.0,0.008893280632411068,0.0
ISIC_0014031,0.0,0.0,0.0,0.003948667324777887,0.0
ISIC_0014032,0.0,0.0,0.0,0.004935834155972359,0.0
ISIC_0014044,1.0,0.0,0.0,0.0,0.0
ISIC_0014045,0.0,0.0,0.0,0.0009871668311944718,0.0
ISIC_0014046,0.0,0.0,0.001976284584980237,0.0009881422924901185,0.0
ISIC_0014049,1.0,0.008919722497522299,0.0,0.0,0.0
ISIC_0014061,1.0,0.00691699604743083,0.0,0.003952569169960474,0.0
ISIC_0014062,1.0,0.003952569169960474,0.0,0.00691699604743083,0.0
ISIC_0014066,0.0,0.021739130434782608,0.0,0.0,0.0
ISIC_0014069,0.0,0.005923000987166831,0.0,0.004935834155972359,0.0
ISIC_0014072,1.0,0.0,0.0,0.0,0.0
ISIC_0014073,0.0,0.012858555885262116,0.0,0.008902077151335312,0.0
ISIC_0014074,0.0,0.0,0.0,0.0009861932938856016,0.0
ISIC_0014076,1.0,0.0,0.0,0.0039447731755424065,0.0
ISIC_0014079,1.0,0.0,0.0,0.001984126984126984,0.0
ISIC_0014080,0.0,0.04343534057255676,0.0,0.0,0.0
ISIC_0014081,0.0,0.012833168805528134,0.0,0.0,0.0
ISIC_0014082,1.0,0.025717111770524232,0.0009891196834817012,0.0009891196834817012,0.0
ISIC_0014083,0.0,0.0,0.0,0.0,0.0
ISIC_0014088,1.0,0.02865612648221344,0.0,0.004940711462450593,0.0
ISIC_0014089,0.0,0.013847675568743818,0.0,0.0,0.0
ISIC_0014092,1.0,0.003952569169960474,0.0,0.004940711462450593,0.0
ISIC_0014093,0.0,0.029644268774703556,0.0,0.0,0.0
ISIC_0014094,0.0,0.011869436201780416,0.0,0.0,0.0
ISIC_0014099,1.0,0.0,0.0,0.0,0.0
ISIC_0014108,1.0,0.005934718100890208,0.0,0.009891196834817012,0.0
ISIC_0014114,0.0,0.0,0.0,0.004995004995004995,0.0
ISIC_0014120,0.0,0.0,0.0,0.0,0.0
ISIC_0014127,1.0,0.0,0.03060217176702863,0.0,0.0
ISIC_0014131,0.0,0.003956478733926805,0.0,0.0,0.0
ISIC_0014132,1.0,0.0,0.0,0.005940594059405941,0.0
ISIC_0014133,1.0,0.007928642220019821,0.08820614469772052,0.0,0.0
ISIC_0014136,1.0,0.0,0.0,0.0,0.0
ISIC_0014144,1.0,0.0,0.002967359050445104,0.0,0.0
ISIC_0014149,0.0,0.0,0.0,0.0,0.0
ISIC_0014150,0.0,0.06719367588932806,0.0,0.011857707509881422,0.0
ISIC_0014151,1.0,0.037549407114624504,0.0,0.011857707509881422,0.0
ISIC_0014156,1.0,0.023692003948667325,0.0,0.0029615004935834156,0.0
ISIC_0014157,1.0,0.02564102564102564,0.0,0.0,0.0
ISIC_0014158,0.0,0.0,0.0,0.0,0.0
ISIC_0014163,1.0,0.02665350444225074,0.0,0.005923000987166831,0.0
ISIC_0014164,0.0,0.01383399209486166,0.0,0.010869565217391304,0.0
ISIC_0014166,0.0,0.0,0.0,0.014807502467917079,0.0
ISIC_0014169,0.0,0.0,0.0,0.0,0.0
ISIC_0014171,1.0,0.0,0.0,0.0,0.0
ISIC_0014173,1.0,0.0,0.0,0.0,0.005940594059405941
ISIC_0014174,0.0,0.014807502467917079,0.0,0.0,0.0
ISIC_0014179,0.0,0.0,0.0,0.0,0.0
ISIC_0014183,1.0,0.005946481665014866,0.010901883052527254,0.0009910802775024777,0.0
ISIC_0014185,0.0,0.0,0.0,0.0,0.0
ISIC_0014187,1.0,0.0,0.0,0.0,0.0
ISIC_0014189,1.0,0.00691699604743083,0.0,0.023715415019762844,0.0
ISIC_0014190,1.0,0.0,0.0,0.0009891196834817012,0.0
ISIC_0014191,0.0,0.0009910802775024777,0.0,0.008919722497522299,0.0
ISIC_0014195,0.0,0.0,0.0,0.0,0.007905138339920948
ISIC_0014197,0.0,0.005917159763313609,0.0,0.0039447731755424065,0.0
ISIC_0014216,0.0,0.0,0.0,0.0009881422924901185,0.0
ISIC_0014222,1.0,0.0,0.0,0.0,0.0
ISIC_0014225,0.0,0.0,0.0,0.001976284584980237,0.0
ISIC_0014229,1.0,0.019801980198019802,0.0,0.0,0.0
ISIC_0014238,1.0,0.007897334649555774,0.03060217176702863,0.013820335636722606,0.0
ISIC_0014248,0.0,0.0,0.0,0.0,0.0
ISIC_0014249,1.0,0.05133267522211254,0.0,0.0,0.0
ISIC_0014253,0.0,0.0,0.0009871668311944718,0.0009871668311944718,0.0
ISIC_0014263,0.0,0.009900990099009901,0.0,0.0,0.0
ISIC_0014264,0.0,0.0,0.0,0.026627218934911243,0.0
ISIC_0014272,0.0,0.0,0.0,0.005917159763313609,0.0
ISIC_0014273,0.0,0.0,0.0,0.01579466929911155,0.0
ISIC_0014274,0.0,0.0,0.0,0.0009900990099009901,0.0
ISIC_0014286,0.0,0.005923000987166831,0.0,0.0009871668311944718,0.0
ISIC_0014289,1.0,0.25542406311637084,0.0,0.011834319526627219,0.0
ISIC_0014290,1.0,0.0,0.0,0.0,0.011846001974333662
ISIC_0014291,1.0,0.004940711462450593,0.0,0.0,0.0
ISIC_0014299,0.0,0.0,0.0,0.0,0.0
ISIC_0014308,1.0,0.007905138339920948,0.0,0.0009881422924901185,0.0
ISIC_0014311,0.0,0.0,0.0,0.0,0.0
ISIC_0014316,1.0,0.0,0.0,0.005923000987166831,0.0
ISIC_0014317,0.0,0.007944389275074478,0.003972194637537239,0.0019860973187686196,0.0
ISIC_0014324,1.0,0.001976284584980237,0.0,0.009881422924901186,0.0
ISIC_0014325,1.0,0.024703557312252964,0.0,0.001976284584980237,0.0
ISIC_0014327,1.0,0.028741328047571853,0.0,0.006937561942517344,0.0
ISIC_0014328,0.0,0.0,0.0,0.0,0.0
ISIC_0014331,1.0,0.009881422924901186,0.0,0.0,0.0
ISIC_0014337,1.0,0.0,0.0,0.0019782393669634025,0.0
ISIC_0014341,0.0,0.0,0.0,0.014866204162537165,0.0
ISIC_0014346,0.0,0.01483679525222552,0.0,0.0,0.0
ISIC_0014347,1.0,0.03060217176702863,0.007897334649555774,0.007897334649555774,0.0
ISIC_0014353,0.0,0.005934718100890208,0.0,0.0,0.0
ISIC_0014357,1.0,0.0,0.0,0.0009871668311944718,0.0
ISIC_0014360,1.0,0.01085883514313919,0.0,0.0,0.0
ISIC_0014361,1.0,0.0297029702970297,0.0,0.007920792079207921,0.0
ISIC_0014365,0.0,0.2403560830860534,0.0,0.0,0.0
ISIC_0014366,1.0,0.032640949554896145,0.0,0.006923837784371909,0.0
ISIC_0014372,1.0,0.012833168805528134,0.006910167818361303,0.01579466929911155,0.0
ISIC_0014385,1.0,0.018793273986152326,0.0,0.0,0.0
ISIC_0014393,0.0,0.0,0.0,0.002973240832507433,0.0
ISIC_0014394,0.0,0.026732673267326732,0.0,0.0,0.0
ISIC_0014395,1.0,0.0,0.0,0.0,0.0
ISIC_0014397,0.0,0.0,0.0,0.011857707509881422,0.0
ISIC_0014410,0.0,0.0,0.0,0.004965243296921549,0.0
ISIC_0014422,1.0,0.029644268774703556,0.0,0.001976284584980237,0.0
ISIC_0014430,0.0,0.004935834155972359,0.0,0.01678183613030602,0.0
ISIC_0014431,0.0,0.007905138339920948,0.0,0.0,0.0
ISIC_0014432,0.0,0.0,0.0,0.003952569169960474,0.0
ISIC_0014433,0.0,0.01579466929911155,0.0,0.0,0.0
ISIC_0014438,0.0,0.0,0.0,0.0019782393669634025,0.0
ISIC_0014440,0.0,0.0,0.0,0.0009871668311944718,0.0
ISIC_0014441,0.0,0.01485148514851485,0.0,0.0,0.0
ISIC_0014453,0.0,0.003956478733926805,0.0,0.002967359050445104,0.0
ISIC_0014458,0.0,0.01972386587771203,0.0,0.0,0.0
ISIC_0014469,0.0,0.0,0.0,0.004930966469428008,0.0
ISIC_0014473,0.0,0.014822134387351778,0.0,0.0,0.0
ISIC_0014475,0.0,0.022704837117472853,0.0,0.007897334649555774,0.0
ISIC_0014476,1.0,0.015857284440039643,0.0,0.0,0.0
ISIC_0014480,1.0,0.008884501480750246,0.0,0.0009871668311944718,0.0
ISIC_0014486,1.0,0.005934718100890208,0.0,0.0,0.0
ISIC_0014490,0.0,0.00791295746785361,0.0,0.0009891196834817012,0.0
ISIC_0014498,0.0,0.021696252465483234,0.0,0.004930966469428008,0.0
ISIC_0014501,1.0,0.04043392504930966,0.0,0.0039447731755424065,0.0
ISIC_0014502,0.0,0.003964321110009911,0.017839444995044598,0.0,0.0
ISIC_0014504,0.0,0.0,0.0,0.0049504950495049506,0.0
ISIC_0014507,1.0,0.0,0.0,0.0,0.0
ISIC_0014511,0.0,0.0,0.0,0.0009871668311944718,0.0
ISIC_0014515,0.0,0.0,0.0,0.001976284584980237,0.0
ISIC_0014516,0.0,0.03557312252964427,0.0,0.0009881422924901185,0.0
ISIC_0014518,1.0,0.010869565217391304,0.0,0.003952569169960474,0.0
ISIC_0014522,0.0,0.014822134387351778,0.0,0.0009881422924901185,0.0
ISIC_0014525,1.0,0.0,0.0,0.0,0.0
ISIC_0014526,0.0,0.0,0.0,0.0019801980198019802,0.0
ISIC_0014527,1.0,0.028769841269841268,0.0,0.005952380952380952,0.0
ISIC_0014529,0.0,0.005917159763313609,0.0,0.0019723865877712033,0.0
ISIC_0014535,0.0,0.0,0.0,0.005934718100890208,0.0
ISIC_0014537,0.0,0.0,0.0,0.008884501480750246,0.0
ISIC_0014543,1.0,0.0,0.0,0.003948667324777887,0.0
ISIC_0014545,1.0,0.0029644268774703555,0.0,0.0029644268774703555,0.0
ISIC_0014547,0.0,0.0029615004935834156,0.0,0.0,0.0
ISIC_0014554,0.0,0.0,0.0,0.0,0.0
ISIC_0014557,1.0,0.0,0.0,0.019782393669634024,0.0
ISIC_0014569,0.0,0.0,0.0,0.0,0.0
ISIC_0014570,0.0,0.0,0.0,0.004020100502512563,0.0
ISIC_0014571,0.0,0.0,0.0,0.003009027081243731,0.0
ISIC_0014573,0.0,0.0,0.0,0.0,0.0
ISIC_0014576,0.0,0.0050200803212851405,0.0,0.0,0.0
ISIC_0014577,0.0,0.0,0.018090452261306532,0.0010050251256281408,0.0
ISIC_0014578,0.0,0.0,0.0,0.014028056112224449,0.0
ISIC_0014579,0.0,0.0,0.0,0.0,0.0
ISIC_0014580,0.0,0.0,0.0,0.0020100502512562816,0.0
ISIC_0014581,0.0,0.0,0.0,0.0,0.0
ISIC_0014582,0.0,0.0,0.0,0.004024144869215292,0.0
ISIC_0014583,0.0,0.0,0.0,0.0010030090270812437,0.0
ISIC_0014585,0.0,0.0029615004935834156,0.0,0.0,0.0
ISIC_0014589,0.0,0.0,0.0,0.0,0.0
ISIC_0014591,0.0,0.0,0.0,0.0,0.0
ISIC_0014592,0.0,0.0,0.0,0.0,0.0
ISIC_0014593,0.0,0.0,0.0,0.0,0.0
ISIC_0014594,0.0,0.0,0.0,0.005040322580645161,0.0
ISIC_0014595,0.0,0.0,0.0,0.01606425702811245,0.0
ISIC_0014596,0.0,0.0,0.0,0.001002004008016032,0.0
ISIC_0014598,0.0,0.009036144578313253,0.0,0.0,0.0
ISIC_0014599,0.0,0.0,0.0,0.011099899091826439,0.0
ISIC_0014602,0.0,0.0,0.0,0.0,0.0
ISIC_0014603,0.0,0.008040201005025126,0.0,0.01306532663316583,0.0
ISIC_0014605,0.0,0.0,0.0,0.02914572864321608,0.0
ISIC_0014606,0.0,0.0,0.0,0.01507537688442211,0.0
ISIC_0014607,0.0,0.0,0.0,0.01002004008016032,0.0
ISIC_0014609,0.0,0.0,0.0,0.007028112449799197,0.0
ISIC_0014612,0.0,0.0,0.0,0.0,0.0
ISIC_0014613,0.0,0.0,0.0,0.0050200803212851405,0.0
ISIC_0014615,0.0,0.0,0.0,0.012072434607645875,0.0
ISIC_0014617,0.0,0.0,0.0,0.009027081243731194,0.0
ISIC_0014621,0.0,0.0,0.0,0.0,0.0
ISIC_0014622,0.0,0.0,0.0,0.00802407221664995,0.0
ISIC_0014625,0.0,0.0,0.0,0.01603206412825651,0.0
ISIC_0014628,0.0,0.0,0.0,0.001001001001001001,0.0
ISIC_0014630,0.0,0.0,0.0,0.0,0.0
ISIC_0014632,0.0,0.0,0.0,0.0,0.0
ISIC_0014636,0.0,0.0,0.0,0.0030211480362537764,0.0
ISIC_0014638,0.0,0.0,0.0,0.01503006012024048,0.0
ISIC_0014639,0.0,0.0,0.0,0.0,0.0
ISIC_0014640,0.0,0.0,0.0,0.001002004008016032,0.0
ISIC_0014641,0.0,0.0,0.0,0.0,0.0
ISIC_0014642,0.0,0.0,0.0,0.007007007007007007,0.0
ISIC_0014646,0.0,0.0,0.0,0.022044088176352707,0.0
ISIC_0014650,0.0,0.0,0.0,0.01603206412825651,0.0
ISIC_0014651,0.0,0.0,0.0,0.007007007007007007,0.0
ISIC_0014654,0.0,0.0,0.0,0.00501002004008016,0.0
ISIC_0014657,0.0,0.0,0.0,0.0,0.0
ISIC_0014658,0.0,0.14398422090729784,0.0,0.005917159763313609,0.0
ISIC_0014661,0.0,0.10957551826258638,0.0,0.0,0.0
ISIC_0014664,0.0,0.0,0.0,0.0,0.0
ISIC_0014665,0.0,0.026627218934911243,0.0,0.0,0.0
ISIC_0014667,0.0,0.0,0.0,0.0,0.03557312252964427
ISIC_0014680,0.0,0.0,0.0,0.0,0.0
ISIC_0014682,0.0,0.283596837944664,0.0,0.0,0.0
ISIC_0014683,0.0,0.0,0.0,0.0,0.0
ISIC_0014684,0.0,0.0,0.0,0.0,0.03254437869822485
ISIC_0014685,0.0,0.03260869565217391,0.0,0.0,0.0
ISIC_0014692,0.0,0.016765285996055226,0.0,0.0,0.0
ISIC_0014694,0.0,0.0039447731755424065,0.021696252465483234,0.0029585798816568047,0.0
ISIC_0014696,0.0,0.1883629191321499,0.015779092702169626,0.0,0.0
ISIC_0014699,0.0,0.1390532544378698,0.0,0.0,0.0
ISIC_0014702,0.0,0.03155818540433925,0.0,0.0,0.0
ISIC_0014707,0.0,0.014792899408284023,0.0,0.0009861932938856016,0.0
ISIC_0014708,0.0,0.14610069101678183,0.0,0.0,0.0
ISIC_0014711,0.0,0.0,0.0,0.027613412228796843,0.0
ISIC_0014713,0.0,0.08399209486166008,0.0,0.009881422924901186,0.0
ISIC_0014714,0.0,0.0,0.16469428007889547,0.006903353057199211,0.0
ISIC_0014715,0.0,0.05818540433925049,0.0,0.0,0.0
ISIC_0014716,0.0,0.06720977596741344,0.0,0.0,0.0
ISIC_0014722,1.0,0.16962524654832348,0.0,0.008875739644970414,0.0
ISIC_0014723,0.0,0.0,0.0,0.0069721115537848604,0.0
ISIC_0014724,0.0,0.26850937808489633,0.0,0.004935834155972359,0.0
ISIC_0014726,0.0,0.012858555885262116,0.0,0.005934718100890208,0.0
ISIC_0014730,0.0,0.05621301775147929,0.0,0.0029585798816568047,0.0
ISIC_0014731,0.0,0.03451676528599606,0.0,0.0,0.0
ISIC_0014735,1.0,0.07495069033530571,0.0,0.0,0.0
ISIC_0014739,0.0,0.1242603550295858,0.0,0.0,0.0
ISIC_0014742,0.0,0.4536489151873767,0.0,0.008875739644970414,0.0
ISIC_0014745,0.0,0.16765285996055226,0.0,0.0,0.0
ISIC_0014748,0.0,0.4175715695952616,0.0,0.0,0.0
ISIC_0014754,0.0,0.18244575936883628,0.0,0.005917159763313609,0.0
ISIC_0014760,0.0,0.3800592300098717,0.0,0.005923000987166831,0.0
ISIC_0014762,0.0,0.23000987166831194,0.0,0.0,0.0
ISIC_0014763,0.0,0.11834319526627218,0.0,0.0009861932938856016,0.0
ISIC_0014769,0.0,0.0,0.0,0.0,0.0
ISIC_0014770,0.0,0.0,0.0,0.0,0.08875739644970414
ISIC_0014771,0.0,0.1533135509396637,0.0,0.0,0.0
ISIC_0014775,0.0,0.17507418397626112,0.0,0.04846686449060336,0.0
ISIC_0014778,0.0,0.07692307692307693,0.0,0.0,0.0
ISIC_0014779,0.0,0.0,0.0,0.0,0.0
ISIC_0014782,0.0,0.0,0.0,0.0,0.0
ISIC_0014783,0.0,0.0,0.0,0.003948667324777887,0.0
ISIC_0014785,0.0,0.11538461538461539,0.0,0.0,0.0
ISIC_0014788,1.0,0.05128205128205128,0.0,0.0,0.0
ISIC_0014791,0.0,0.21717670286278382,0.0,0.02566633761105627,0.0
ISIC_0014793,0.0,0.0,0.0,0.03254437869822485,0.0
ISIC_0014794,0.0,0.04343534057255676,0.0,0.04639684106614018,0.0
ISIC_0014795,1.0,0.07806324110671936,0.0,0.001976284584980237,0.0
ISIC_0014797,0.0,0.0,0.0,0.0019723865877712033,0.0
ISIC_0014802,0.0,0.07403751233958539,0.0,0.0,0.0
ISIC_0014803,0.0,0.41964285714285715,0.0,0.0,0.0
ISIC_0014804,0.0,0.0,0.0,0.0009900990099009901,0.0
ISIC_0014805,0.0,0.06903353057199212,0.0,0.0,0.0
ISIC_0014806,0.0,0.0,0.0,0.002008032128514056,0.0
ISIC_0014808,0.0,0.08678500986193294,0.0,0.0,0.0
ISIC_0014811,0.0,0.0,0.0,0.011846001974333662,0.0
ISIC_0014812,0.0,0.0,0.0,0.0,0.0
ISIC_0014818,0.0,0.35009861932938857,0.0,0.0,0.0
ISIC_0014819,0.0,0.15992102665350444,0.0384995064165844,0.006910167818361303,0.0
ISIC_0014821,0.0,0.05434782608695652,0.0,0.0,0.0
ISIC_0014823,0.0,0.010848126232741617,0.0,0.005917159763313609,0.009861932938856016
ISIC_0014825,0.0,0.026706231454005934,0.04549950544015826,0.0,0.0
ISIC_0014830,0.0,0.010848126232741617,0.009861932938856016,0.0039447731755424065,0.0
ISIC_0014831,0.0,0.11143984220907298,0.0,0.007889546351084813,0.0
ISIC_0014832,1.0,0.09090909090909091,0.0,0.0,0.0
ISIC_0014834,0.0,0.11264822134387352,0.0,0.0009881422924901185,0.0
ISIC_0014836,0.0,0.10650887573964497,0.0,0.0,0.0
ISIC_0014838,0.0,0.16584402764067127,0.0,0.0,0.0
ISIC_0014839,0.0,0.0,0.0,0.009871668311944718,0.0
ISIC_0014843,0.0,0.08777120315581854,0.0,0.0,0.0
ISIC_0014845,0.0,0.011834319526627219,0.0,0.010848126232741617,0.0
ISIC_0014846,0.0,0.3915187376725838,0.026627218934911243,0.0,0.0
ISIC_0014848,0.0,0.07396449704142012,0.0,0.0,0.0
ISIC_0014849,0.0,0.0,0.0,0.0019801980198019802,0.0
ISIC_0014850,0.0,0.08382642998027613,0.0,0.0029585798816568047,0.0
ISIC_0014851,0.0,0.11045364891518737,0.0,0.0,0.0
ISIC_0014855,0.0,0.053518334985133795,0.0,0.010901883052527254,0.0
ISIC_0014860,0.0,0.0621301775147929,0.0,0.0,0.0
ISIC_0014866,0.0,0.1579466929911155,0.0,0.0,0.0
ISIC_0014869,0.0,0.1808300395256917,0.0,0.0,0.0
ISIC_0014890,0.0,0.059230009871668314,0.0,0.0,0.0
ISIC_0014891,1.0,0.08514851485148515,0.01485148514851485,0.0,0.0
ISIC_0014897,1.0,0.0,0.11735700197238659,0.0019723865877712033,0.0
ISIC_0014898,0.0,0.1651829871414441,0.0,0.0,0.0
ISIC_0014903,0.0,0.07495069033530571,0.0,0.0,0.0
ISIC_0014904,0.0,0.07889546351084813,0.0,0.0029585798816568047,0.0
ISIC_0014908,0.0,0.05539070227497527,0.0,0.0,0.0
ISIC_0014911,0.0,0.29713721618953604,0.0,0.03356367226061204,0.0
ISIC_0014913,0.0,0.08102766798418973,0.0,0.0,0.0
ISIC_0014915,0.0,0.3510848126232742,0.0,0.0,0.0
ISIC_0014919,1.0,0.015779092702169626,0.0,0.0,0.0
ISIC_0014920,1.0,0.114,0.0,0.0,0.0
ISIC_0014922,1.0,0.175715695952616,0.0,0.0,0.0
ISIC_0014923,0.0,0.07418397626112759,0.0,0.0,0.0
ISIC_0014925,0.0,0.06640237859266601,0.0,0.0,0.0
ISIC_0014926,0.0,0.0,0.0,0.0,0.0
ISIC_0014929,0.0,0.026785714285714284,0.0,0.0,0.0
ISIC_0014930,0.0,0.09467455621301775,0.0,0.0,0.0
ISIC_0014933,0.0,0.04257425742574258,0.0,0.0,0.0
ISIC_0014951,1.0,0.09960552268244575,0.0,0.0019723865877712033,0.0
ISIC_0014975,1.0,0.0,0.0,0.0,0.0
ISIC_0014983,1.0,0.11932938856015779,0.0,0.0,0.0
ISIC_0014987,1.0,0.06719367588932806,0.0,0.0,0.0
ISIC_0015005,1.0,0.05719921104536489,0.0,0.0,0.0
ISIC_0015006,0.0,0.0,0.0,0.0019743336623889436,0.0
ISIC_0015032,0.0,0.0,0.0,0.0,0.0
ISIC_0015038,0.0,0.0,0.0,0.05621301775147929,0.0
ISIC_0015044,0.0,0.0,0.0,0.01678183613030602,0.0
ISIC_0015045,1.0,0.14398422090729784,0.0,0.0029585798816568047,0.0
ISIC_0015079,1.0,0.04043392504930966,0.0,0.0,0.0
ISIC_0015082,1.0,0.29545454545454547,0.0,0.0029644268774703555,0.0
ISIC_0015108,0.0,0.0,0.0,0.044466403162055336,0.0
ISIC_0015109,1.0,0.0781404549950544,0.051434223541048464,0.0,0.0
ISIC_0015110,1.0,0.03451676528599606,0.0,0.0,0.0
ISIC_0015112,0.0,0.0,0.0,0.1671612265084075,0.0
ISIC_0015113,0.0,0.046351084812623275,0.0,0.007889546351084813,0.0
ISIC_0015153,0.0,0.0,0.0,0.053518334985133795,0.0
ISIC_0015158,0.0,0.011881188118811881,0.0,0.0039603960396039604,0.0
ISIC_0015166,1.0,0.11549851924975321,0.0,0.0,0.02566633761105627
ISIC_0015168,0.0,0.0,0.0,0.047337278106508875,0.0
ISIC_0015170,0.0,0.0,0.0,0.006910167818361303,0.0
ISIC_0015181,0.0,0.009891196834817012,0.0,0.0009891196834817012,0.0
ISIC_0015182,0.0,0.0,0.0,0.019821605550049554,0.0
ISIC_0015189,1.0,0.0,0.011834319526627219,0.0,0.0
ISIC_0015190,1.0,0.1648568608094768,0.0,0.0,0.0
ISIC_0015200,1.0,0.05649157581764123,0.0,0.0019821605550049554,0.0
ISIC_0015204,1.0,0.025691699604743084,0.0,0.0,0.0
ISIC_0015219,1.0,0.01579466929911155,0.06219151036525173,0.0,0.0
ISIC_0015220,0.0,0.3629191321499014,0.0,0.0,0.0
ISIC_0015233,0.0,0.0,0.0,0.013958125623130608,0.0
ISIC_0015260,0.0,0.01775147928994083,0.0,0.009861932938856016,0.0
ISIC_0015284,1.0,0.0,0.0,0.0,0.0
ISIC_0015295,0.0,0.0,0.0,0.038461538461538464,0.0
